{"players": [{"rating": "7.76", "name": "Alexis S\u00e1nchez ", "weight": "62", "age": "28", "apps": "36(2)", "height": "169", "assists": "10", "goals": "24"}, {"rating": "7.63", "name": "Calum Chambers ", "weight": "66", "age": "22", "apps": "1", "height": "182", "assists": "-", "goals": "1"}, {"rating": "7.35", "name": "Shkodran Mustafi ", "weight": "82", "age": "25", "apps": "26", "height": "184", "assists": "2", "goals": "2"}, {"rating": "7.30", "name": "Mesut \u00d6zil ", "weight": "76", "age": "28", "apps": "32(1)", "height": "180", "assists": "9", "goals": "8"}, {"rating": "7.25", "name": "Laurent Koscielny ", "weight": "75", "age": "31", "apps": "33", "height": "186", "assists": "-", "goals": "2"}, {"rating": "7.04", "name": "Santi Cazorla ", "weight": "66", "age": "32", "apps": "7(1)", "height": "168", "assists": "2", "goals": "2"}, {"rating": "7.03", "name": "Carl Jenkinson ", "weight": "77", "age": "25", "apps": "1", "height": "185", "assists": "-", "goals": "-"}, {"rating": "6.99", "name": "Alex Oxlade Chamberlain ", "weight": "70", "age": "23", "apps": "16(13)", "height": "180", "assists": "7", "goals": "2"}, {"rating": "6.99", "name": "Theo Walcott ", "weight": "68", "age": "28", "apps": "23(5)", "height": "176", "assists": "2", "goals": "10"}, {"rating": "6.98", "name": "Kieran Gibbs ", "weight": "70", "age": "27", "apps": "8(3)", "height": "179", "assists": "1", "goals": "-"}, {"rating": "6.98", "name": "Nacho Monreal ", "weight": "72", "age": "31", "apps": "35(1)", "height": "179", "assists": "2", "goals": "-"}, {"rating": "6.97", "name": "Rob Holding ", "weight": "75", "age": "21", "apps": "9", "height": "189", "assists": "-", "goals": "-"}, {"rating": "6.96", "name": "Granit Xhaka ", "weight": "82", "age": "24", "apps": "28(4)", "height": "185", "assists": "2", "goals": "2"}, {"rating": "6.94", "name": "Petr Cech ", "weight": "90", "age": "35", "apps": "35", "height": "196", "assists": "-", "goals": "-"}, {"rating": "6.90", "name": "Gabriel Paulista ", "weight": "72", "age": "26", "apps": "15(4)", "height": "185", "assists": "-", "goals": "-"}, {"rating": "6.81", "name": "Olivier Giroud ", "weight": "88", "age": "30", "apps": "11(18)", "height": "192", "assists": "3", "goals": "12"}, {"rating": "6.81", "name": "H\u00e9ctor Beller\u00edn ", "weight": "74", "age": "22", "apps": "27(6)", "height": "178", "assists": "4", "goals": "1"}, {"rating": "6.80", "name": "Francis Coquelin ", "weight": "74", "age": "26", "apps": "22(7)", "height": "178", "assists": "-", "goals": "-"}, {"rating": "6.72", "name": "Alex Iwobi ", "weight": "75", "age": "21", "apps": "18(8)", "height": "180", "assists": "3", "goals": "3"}, {"rating": "6.72", "name": "Per Mertesacker ", "weight": "90", "age": "32", "apps": "0(1)", "height": "198", "assists": "-", "goals": "-"}, {"rating": "6.72", "name": "Aaron Ramsey ", "weight": "76", "age": "26", "apps": "13(10)", "height": "178", "assists": "4", "goals": "1"}, {"rating": "6.65", "name": "Emiliano Martinez ", "weight": "89", "age": "24", "apps": "2", "height": "183", "assists": "-", "goals": "-"}, {"rating": "6.56", "name": "Danny Welbeck ", "weight": "73", "age": "26", "apps": "8(8)", "height": "185", "assists": "2", "goals": "2"}, {"rating": "6.53", "name": "Mohamed Elneny ", "weight": "70", "age": "25", "apps": "8(6)", "height": "180", "assists": "1", "goals": "-"}, {"rating": "6.40", "name": "Mathieu Debuchy ", "weight": "76", "age": "31", "apps": "1", "height": "177", "assists": "-", "goals": "-"}, {"rating": "6.40", "name": "Jack Wilshere ", "weight": "68", "age": "25", "apps": "0(2)", "height": "172", "assists": "-", "goals": "-"}, {"rating": "6.36", "name": "Lucas P\u00e9rez ", "weight": "73", "age": "28", "apps": "2(9)", "height": "180", "assists": "-", "goals": "1"}, {"rating": "6.17", "name": "David Ospina ", "weight": "80", "age": "28", "apps": "1(1)", "height": "183", "assists": "-", "goals": "-"}, {"rating": "6.14", "name": "Ainsley Maitland-Niles ", "weight": "71", "age": "19", "apps": "0(1)", "height": "177", "assists": "-", "goals": "-"}]}