{"players": [{"rating": "7.20", "name": "Nathan Ak\u00e9 ", "weight": "75", "age": "22", "apps": "8(2)", "height": "180", "assists": "-", "goals": "3"}, {"rating": "7.18", "name": "Steve Cook ", "weight": "82", "age": "26", "apps": "38", "height": "185", "assists": "-", "goals": "2"}, {"rating": "7.08", "name": "Joshua King ", "weight": "74", "age": "25", "apps": "31(5)", "height": "180", "assists": "2", "goals": "16"}, {"rating": "6.94", "name": "Simon Francis ", "weight": "90", "age": "32", "apps": "34", "height": "183", "assists": "1", "goals": "-"}, {"rating": "6.93", "name": "Charlie Daniels ", "weight": "75", "age": "30", "apps": "34", "height": "178", "assists": "3", "goals": "4"}, {"rating": "6.93", "name": "Junior Stanislas ", "weight": "76", "age": "27", "apps": "18(3)", "height": "183", "assists": "5", "goals": "7"}, {"rating": "6.84", "name": "Adam Smith ", "weight": "78", "age": "26", "apps": "34(2)", "height": "180", "assists": "5", "goals": "1"}, {"rating": "6.82", "name": "Jack Wilshere ", "weight": "68", "age": "25", "apps": "22(5)", "height": "172", "assists": "2", "goals": "-"}, {"rating": "6.77", "name": "Marc Pugh ", "weight": "72", "age": "30", "apps": "16(5)", "height": "180", "assists": "2", "goals": "2"}, {"rating": "6.75", "name": "Lewis Cook ", "weight": "71", "age": "20", "apps": "4(2)", "height": "175", "assists": "2", "goals": "-"}, {"rating": "6.72", "name": "Harry Arter ", "weight": "70", "age": "27", "apps": "33(2)", "height": "176", "assists": "4", "goals": "1"}, {"rating": "6.71", "name": "Ryan Fraser ", "weight": "70", "age": "23", "apps": "19(9)", "height": "163", "assists": "5", "goals": "3"}, {"rating": "6.68", "name": "Artur Boruc ", "weight": "87", "age": "37", "apps": "35", "height": "193", "assists": "-", "goals": "-"}, {"rating": "6.63", "name": "Ryan Allsop ", "weight": "80", "age": "25", "apps": "1", "height": "189", "assists": "-", "goals": "-"}, {"rating": "6.58", "name": "Andrew Surman ", "weight": "73", "age": "30", "apps": "21(1)", "height": "178", "assists": "1", "goals": "-"}, {"rating": "6.56", "name": "Dan Gosling ", "weight": "79", "age": "27", "apps": "14(13)", "height": "183", "assists": "-", "goals": "2"}, {"rating": "6.55", "name": "Adam Federici ", "weight": "90", "age": "32", "apps": "2", "height": "188", "assists": "-", "goals": "-"}, {"rating": "6.49", "name": "Callum Wilson ", "weight": "66", "age": "25", "apps": "16(4)", "height": "180", "assists": "-", "goals": "6"}, {"rating": "6.49", "name": "Benik Afobe ", "weight": "78", "age": "24", "apps": "14(17)", "height": "183", "assists": "3", "goals": "6"}, {"rating": "6.36", "name": "Jordon Ibe ", "weight": "81", "age": "21", "apps": "13(12)", "height": "176", "assists": "-", "goals": "-"}, {"rating": "6.34", "name": "Tyrone Mings ", "weight": "77", "age": "24", "apps": "5(2)", "height": "191", "assists": "-", "goals": "-"}, {"rating": "6.23", "name": "Baily Cargill ", "weight": "87", "age": "22", "apps": "0(1)", "height": "189", "assists": "-", "goals": "-"}, {"rating": "6.20", "name": "Lewis Grabban ", "weight": "78", "age": "29", "apps": "0(3)", "height": "183", "assists": "1", "goals": "-"}, {"rating": "6.18", "name": "Max Gradel ", "weight": "70", "age": "29", "apps": "0(11)", "height": "177", "assists": "-", "goals": "-"}, {"rating": "6.16", "name": "Brad Smith ", "weight": "70", "age": "23", "apps": "3(2)", "height": "178", "assists": "-", "goals": "-"}, {"rating": "6.10", "name": "Lys Mousset ", "weight": "80", "age": "21", "apps": "3(8)", "height": "184", "assists": "-", "goals": "-"}, {"rating": "6.03", "name": "Matt Worthington ", "weight": "0", "age": "19", "apps": "0(1)", "height": "0", "assists": "-", "goals": "-"}]}