{"players": [{"rating": "7.14", "name": "Ben Mee ", "weight": "74", "age": "27", "apps": "34", "height": "180", "assists": "-", "goals": "1"}, {"rating": "7.13", "name": "Michael Keane ", "weight": "82", "age": "24", "apps": "35", "height": "191", "assists": "1", "goals": "2"}, {"rating": "7.02", "name": "Matthew Lowton ", "weight": "78", "age": "28", "apps": "36", "height": "180", "assists": "2", "goals": "-"}, {"rating": "6.90", "name": "Joey Barton ", "weight": "70", "age": "34", "apps": "12(2)", "height": "172", "assists": "-", "goals": "1"}, {"rating": "6.88", "name": "Tom Heaton ", "weight": "85", "age": "31", "apps": "35", "height": "188", "assists": "-", "goals": "-"}, {"rating": "6.88", "name": "Stephen Ward ", "weight": "82", "age": "31", "apps": "37", "height": "184", "assists": "1", "goals": "1"}, {"rating": "6.84", "name": "Sam Vokes ", "weight": "90", "age": "27", "apps": "21(16)", "height": "186", "assists": "3", "goals": "10"}, {"rating": "6.81", "name": "Jon Flanagan ", "weight": "79", "age": "24", "apps": "3(3)", "height": "181", "assists": "-", "goals": "-"}, {"rating": "6.77", "name": "Steven Defour ", "weight": "65", "age": "29", "apps": "16(5)", "height": "173", "assists": "3", "goals": "1"}, {"rating": "6.77", "name": "Robbie Brady ", "weight": "71", "age": "25", "apps": "7(7)", "height": "176", "assists": "2", "goals": "1"}, {"rating": "6.67", "name": "Kevin Long ", "weight": "83", "age": "26", "apps": "3", "height": "188", "assists": "-", "goals": "-"}, {"rating": "6.62", "name": "Ashley Barnes ", "weight": "77", "age": "27", "apps": "20(8)", "height": "186", "assists": "2", "goals": "6"}, {"rating": "6.60", "name": "George Boyd ", "weight": "79", "age": "31", "apps": "33(3)", "height": "186", "assists": "1", "goals": "2"}, {"rating": "6.59", "name": "Johann Berg Gudmundsson ", "weight": "78", "age": "26", "apps": "10(10)", "height": "186", "assists": "2", "goals": "1"}, {"rating": "6.57", "name": "Dean Marney ", "weight": "72", "age": "33", "apps": "21", "height": "183", "assists": "2", "goals": "1"}, {"rating": "6.55", "name": "Scott Arfield ", "weight": "70", "age": "28", "apps": "23(8)", "height": "178", "assists": "-", "goals": "1"}, {"rating": "6.52", "name": "Paul Robinson ", "weight": "90", "age": "37", "apps": "3", "height": "193", "assists": "-", "goals": "-"}, {"rating": "6.49", "name": "Jeff Hendrick ", "weight": "79", "age": "25", "apps": "31(1)", "height": "185", "assists": "1", "goals": "2"}, {"rating": "6.42", "name": "Andre Gray ", "weight": "83", "age": "26", "apps": "26(6)", "height": "178", "assists": "3", "goals": "9"}, {"rating": "6.39", "name": "James Tarkowski ", "weight": "81", "age": "24", "apps": "4(15)", "height": "185", "assists": "-", "goals": "-"}, {"rating": "6.29", "name": "Ashley Westwood ", "weight": "80", "age": "27", "apps": "6(3)", "height": "175", "assists": "-", "goals": "-"}, {"rating": "6.12", "name": "Michael Kightly ", "weight": "71", "age": "31", "apps": "1(4)", "height": "173", "assists": "-", "goals": "-"}, {"rating": "6.07", "name": "Aiden O'Neill ", "weight": "70", "age": "19", "apps": "0(3)", "height": "178", "assists": "-", "goals": "-"}, {"rating": "6.07", "name": "Daniel Agyei ", "weight": "77", "age": "20", "apps": "0(3)", "height": "183", "assists": "-", "goals": "-"}, {"rating": "6.03", "name": "Lukas Jutkiewicz ", "weight": "78", "age": "28", "apps": "0(2)", "height": "185", "assists": "-", "goals": "-"}, {"rating": "6.02", "name": "David Jones ", "weight": "80", "age": "32", "apps": "1", "height": "185", "assists": "-", "goals": "-"}, {"rating": "5.98", "name": "Patrick Bamford ", "weight": "71", "age": "23", "apps": "0(6)", "height": "185", "assists": "-", "goals": "-"}]}