{"players": [{"rating": "7.81", "name": "Eden Hazard ", "weight": "76", "age": "26", "apps": "36", "height": "173", "assists": "5", "goals": "16"}, {"rating": "7.41", "name": "Marcos Alonso ", "weight": "84", "age": "26", "apps": "30(1)", "height": "188", "assists": "3", "goals": "6"}, {"rating": "7.41", "name": "Diego Costa ", "weight": "87", "age": "28", "apps": "35", "height": "186", "assists": "7", "goals": "20"}, {"rating": "7.23", "name": "N'Golo Kant\u00e9 ", "weight": "68", "age": "26", "apps": "35", "height": "168", "assists": "1", "goals": "1"}, {"rating": "7.22", "name": "Victor Moses ", "weight": "79", "age": "26", "apps": "29(5)", "height": "177", "assists": "2", "goals": "3"}, {"rating": "7.21", "name": "C\u00e9sar Azpilicueta ", "weight": "78", "age": "27", "apps": "38", "height": "178", "assists": "4", "goals": "1"}, {"rating": "7.16", "name": "David Luiz ", "weight": "84", "age": "30", "apps": "33", "height": "189", "assists": "-", "goals": "1"}, {"rating": "7.13", "name": "Pedro ", "weight": "65", "age": "29", "apps": "26(9)", "height": "169", "assists": "9", "goals": "9"}, {"rating": "7.06", "name": "Gary Cahill ", "weight": "86", "age": "31", "apps": "36(1)", "height": "193", "assists": "-", "goals": "6"}, {"rating": "7.05", "name": "Cesc F\u00e0bregas ", "weight": "77", "age": "30", "apps": "13(16)", "height": "180", "assists": "12", "goals": "5"}, {"rating": "7.01", "name": "Nemanja Matic ", "weight": "85", "age": "28", "apps": "30(5)", "height": "194", "assists": "7", "goals": "1"}, {"rating": "6.89", "name": "Willian ", "weight": "77", "age": "28", "apps": "15(19)", "height": "175", "assists": "2", "goals": "8"}, {"rating": "6.74", "name": "Thibaut Courtois ", "weight": "94", "age": "25", "apps": "36", "height": "199", "assists": "-", "goals": "-"}, {"rating": "6.65", "name": "Oscar ", "weight": "67", "age": "25", "apps": "5(4)", "height": "179", "assists": "1", "goals": "-"}, {"rating": "6.65", "name": "Nathan Ak\u00e9 ", "weight": "75", "age": "22", "apps": "1(1)", "height": "180", "assists": "1", "goals": "-"}, {"rating": "6.55", "name": "Branislav Ivanovic ", "weight": "91", "age": "33", "apps": "6(7)", "height": "185", "assists": "-", "goals": "-"}, {"rating": "6.40", "name": "Kenedy ", "weight": "77", "age": "21", "apps": "1", "height": "182", "assists": "-", "goals": "-"}, {"rating": "6.35", "name": "John Terry ", "weight": "90", "age": "36", "apps": "6(3)", "height": "187", "assists": "-", "goals": "1"}, {"rating": "6.34", "name": "Michy Batshuayi ", "weight": "86", "age": "23", "apps": "1(19)", "height": "185", "assists": "1", "goals": "5"}, {"rating": "6.28", "name": "Nathaniel Chalobah ", "weight": "80", "age": "22", "apps": "1(9)", "height": "187", "assists": "1", "goals": "-"}, {"rating": "6.23", "name": "Kurt Zouma ", "weight": "96", "age": "22", "apps": "3(6)", "height": "190", "assists": "1", "goals": "-"}, {"rating": "6.12", "name": "Ola Aina ", "weight": "82", "age": "20", "apps": "0(3)", "height": "182", "assists": "-", "goals": "-"}, {"rating": "6.09", "name": "Ruben Loftus-Cheek ", "weight": "88", "age": "21", "apps": "0(6)", "height": "191", "assists": "-", "goals": "-"}, {"rating": "5.67", "name": "Asmir Begovic ", "weight": "101", "age": "30", "apps": "2", "height": "199", "assists": "-", "goals": "-"}]}