{"players": [{"rating": "7.39", "name": "Wilfried Zaha ", "weight": "66", "age": "24", "apps": "34(1)", "height": "180", "assists": "9", "goals": "7"}, {"rating": "7.36", "name": "Christian Benteke ", "weight": "83", "age": "26", "apps": "36", "height": "190", "assists": "2", "goals": "15"}, {"rating": "7.20", "name": "Mile Jedinak ", "weight": "81", "age": "32", "apps": "1", "height": "189", "assists": "-", "goals": "-"}, {"rating": "7.06", "name": "Andros Townsend ", "weight": "77", "age": "25", "apps": "30(6)", "height": "181", "assists": "4", "goals": "3"}, {"rating": "7.05", "name": "Mamadou Sakho ", "weight": "83", "age": "27", "apps": "8", "height": "187", "assists": "-", "goals": "-"}, {"rating": "6.93", "name": "Luka Milivojevic ", "weight": "80", "age": "26", "apps": "14", "height": "186", "assists": "-", "goals": "2"}, {"rating": "6.90", "name": "Jason Puncheon ", "weight": "70", "age": "31", "apps": "35(1)", "height": "173", "assists": "5", "goals": "-"}, {"rating": "6.82", "name": "Joel Ward ", "weight": "83", "age": "27", "apps": "38", "height": "188", "assists": "1", "goals": "-"}, {"rating": "6.79", "name": "Jeffrey Schlupp ", "weight": "72", "age": "24", "apps": "11(4)", "height": "178", "assists": "-", "goals": "-"}, {"rating": "6.77", "name": "Yohan Cabaye ", "weight": "71", "age": "31", "apps": "25(7)", "height": "174", "assists": "3", "goals": "4"}, {"rating": "6.76", "name": "James Tomkins ", "weight": "74", "age": "28", "apps": "23(1)", "height": "192", "assists": "-", "goals": "3"}, {"rating": "6.75", "name": "Scott Dann ", "weight": "76", "age": "30", "apps": "19(4)", "height": "188", "assists": "1", "goals": "3"}, {"rating": "6.74", "name": "Pape Souar\u00e9 ", "weight": "69", "age": "27", "apps": "3", "height": "178", "assists": "-", "goals": "-"}, {"rating": "6.67", "name": "James McArthur ", "weight": "75", "age": "29", "apps": "24(5)", "height": "178", "assists": "3", "goals": "5"}, {"rating": "6.64", "name": "Patrick van Aanholt ", "weight": "74", "age": "26", "apps": "8(3)", "height": "176", "assists": "-", "goals": "2"}, {"rating": "6.64", "name": "Wayne Hennessey ", "weight": "90", "age": "30", "apps": "29", "height": "198", "assists": "-", "goals": "-"}, {"rating": "6.55", "name": "Damien Delaney ", "weight": "89", "age": "35", "apps": "21(9)", "height": "191", "assists": "2", "goals": "-"}, {"rating": "6.52", "name": "Connor Wickham ", "weight": "90", "age": "24", "apps": "4(4)", "height": "191", "assists": "-", "goals": "2"}, {"rating": "6.49", "name": "Martin Kelly ", "weight": "77", "age": "27", "apps": "25(4)", "height": "191", "assists": "2", "goals": "-"}, {"rating": "6.42", "name": "Joe Ledley ", "weight": "73", "age": "30", "apps": "13(5)", "height": "183", "assists": "-", "goals": "1"}, {"rating": "6.27", "name": "Lee Chung-yong ", "weight": "75", "age": "29", "apps": "4(11)", "height": "180", "assists": "1", "goals": "-"}, {"rating": "6.26", "name": "Steve Mandanda ", "weight": "82", "age": "32", "apps": "9", "height": "185", "assists": "-", "goals": "-"}, {"rating": "6.24", "name": "Jonathan Benteke ", "weight": "77", "age": "22", "apps": "0(1)", "height": "186", "assists": "-", "goals": "-"}, {"rating": "6.23", "name": "Bakary Sako ", "weight": "85", "age": "29", "apps": "0(7)", "height": "183", "assists": "-", "goals": "-"}, {"rating": "6.23", "name": "Ezekiel Fryers ", "weight": "75", "age": "24", "apps": "0(8)", "height": "183", "assists": "1", "goals": "-"}, {"rating": "6.20", "name": "Lo\u00efc Remy ", "weight": "80", "age": "30", "apps": "1(4)", "height": "185", "assists": "-", "goals": "-"}, {"rating": "6.13", "name": "Fraizer Campbell ", "weight": "82", "age": "29", "apps": "0(12)", "height": "172", "assists": "-", "goals": "1"}, {"rating": "6.12", "name": "Jordon Mutch ", "weight": "81", "age": "25", "apps": "0(4)", "height": "184", "assists": "-", "goals": "-"}, {"rating": "6.08", "name": "Mathieu Flamini ", "weight": "67", "age": "33", "apps": "3(7)", "height": "178", "assists": "-", "goals": "-"}, {"rating": "5.98", "name": "Sullay Kaikai ", "weight": "73", "age": "21", "apps": "0(1)", "height": "182", "assists": "-", "goals": "-"}, {"rating": "5.96", "name": "Yannick Bolasie ", "weight": "84", "age": "28", "apps": "0(1)", "height": "188", "assists": "-", "goals": "-"}]}