{"players": [{"rating": "7.50", "name": "Romelu Lukaku ", "weight": "94", "age": "24", "apps": "36(1)", "height": "190", "assists": "6", "goals": "25"}, {"rating": "7.23", "name": "Idrissa Gueye ", "weight": "66", "age": "27", "apps": "32(1)", "height": "174", "assists": "1", "goals": "1"}, {"rating": "7.20", "name": "Yannick Bolasie ", "weight": "84", "age": "28", "apps": "12(1)", "height": "188", "assists": "4", "goals": "1"}, {"rating": "7.15", "name": "Ross Barkley ", "weight": "76", "age": "23", "apps": "32(4)", "height": "189", "assists": "8", "goals": "5"}, {"rating": "7.13", "name": "Phil Jagielka ", "weight": "87", "age": "34", "apps": "25(2)", "height": "180", "assists": "2", "goals": "3"}, {"rating": "7.12", "name": "Seamus Coleman ", "weight": "67", "age": "28", "apps": "26", "height": "177", "assists": "3", "goals": "4"}, {"rating": "7.04", "name": "Ashley Williams ", "weight": "77", "age": "32", "apps": "35(1)", "height": "183", "assists": "3", "goals": "1"}, {"rating": "7.02", "name": "Morgan Schneiderlin ", "weight": "75", "age": "27", "apps": "12(2)", "height": "181", "assists": "-", "goals": "1"}, {"rating": "6.99", "name": "Joel Robles ", "weight": "90", "age": "27", "apps": "19(1)", "height": "195", "assists": "1", "goals": "-"}, {"rating": "6.99", "name": "Leighton Baines ", "weight": "74", "age": "32", "apps": "32", "height": "170", "assists": "3", "goals": "2"}, {"rating": "6.90", "name": "Mason Holgate ", "weight": "63", "age": "20", "apps": "16(2)", "height": "184", "assists": "1", "goals": "-"}, {"rating": "6.86", "name": "Kevin Mirallas ", "weight": "72", "age": "29", "apps": "23(12)", "height": "182", "assists": "6", "goals": "4"}, {"rating": "6.84", "name": "Gareth Barry ", "weight": "78", "age": "36", "apps": "23(10)", "height": "183", "assists": "1", "goals": "2"}, {"rating": "6.82", "name": "Ramiro Funes Mori ", "weight": "78", "age": "26", "apps": "16(7)", "height": "186", "assists": "1", "goals": "-"}, {"rating": "6.68", "name": "Tom Davies ", "weight": "70", "age": "19", "apps": "18(6)", "height": "180", "assists": "3", "goals": "2"}, {"rating": "6.66", "name": "Bryan Oviedo ", "weight": "69", "age": "27", "apps": "6", "height": "172", "assists": "-", "goals": "-"}, {"rating": "6.59", "name": "James McCarthy ", "weight": "72", "age": "26", "apps": "7(5)", "height": "180", "assists": "1", "goals": "1"}, {"rating": "6.53", "name": "Enner Valencia ", "weight": "74", "age": "27", "apps": "5(16)", "height": "174", "assists": "1", "goals": "3"}, {"rating": "6.52", "name": "Maarten Stekelenburg ", "weight": "92", "age": "34", "apps": "19", "height": "197", "assists": "-", "goals": "-"}, {"rating": "6.52", "name": "Gerard Deulofeu ", "weight": "73", "age": "23", "apps": "4(7)", "height": "177", "assists": "-", "goals": "-"}, {"rating": "6.46", "name": "Matthew Pennington ", "weight": "77", "age": "22", "apps": "2(1)", "height": "185", "assists": "-", "goals": "1"}, {"rating": "6.41", "name": "Ademola Lookman ", "weight": "78", "age": "19", "apps": "3(5)", "height": "174", "assists": "-", "goals": "1"}, {"rating": "6.37", "name": "Aaron Lennon ", "weight": "63", "age": "30", "apps": "6(5)", "height": "165", "assists": "1", "goals": "-"}, {"rating": "6.26", "name": "Dominic Calvert-Lewin ", "weight": "71", "age": "20", "apps": "5(6)", "height": "176", "assists": "-", "goals": "1"}, {"rating": "6.26", "name": "Tom Cleverley ", "weight": "67", "age": "27", "apps": "4(6)", "height": "175", "assists": "-", "goals": "-"}, {"rating": "6.07", "name": "Arouna Kon\u00e9 ", "weight": "78", "age": "33", "apps": "0(6)", "height": "181", "assists": "-", "goals": "-"}, {"rating": "6.03", "name": "Jonjoe Kenny ", "weight": "67", "age": "20", "apps": "0(1)", "height": "176", "assists": "-", "goals": "-"}]}