{"players": [{"rating": "7.07", "name": "Harry Maguire ", "weight": "79", "age": "24", "apps": "25(4)", "height": "188", "assists": "2", "goals": "2"}, {"rating": "7.01", "name": "Robert Snodgrass ", "weight": "82", "age": "29", "apps": "19(1)", "height": "182", "assists": "3", "goals": "7"}, {"rating": "6.91", "name": "Curtis Davies ", "weight": "76", "age": "32", "apps": "25(1)", "height": "188", "assists": "2", "goals": "-"}, {"rating": "6.89", "name": "Andrea Ranocchia ", "weight": "81", "age": "29", "apps": "15(1)", "height": "196", "assists": "2", "goals": "2"}, {"rating": "6.80", "name": "Lazar Markovic ", "weight": "65", "age": "23", "apps": "12", "height": "175", "assists": "-", "goals": "2"}, {"rating": "6.72", "name": "Jake Livermore ", "weight": "76", "age": "27", "apps": "20(1)", "height": "180", "assists": "1", "goals": "1"}, {"rating": "6.67", "name": "Andrew Robertson ", "weight": "64", "age": "23", "apps": "31(2)", "height": "178", "assists": "2", "goals": "1"}, {"rating": "6.67", "name": "Sam Clucas ", "weight": "75", "age": "26", "apps": "36(1)", "height": "178", "assists": "1", "goals": "3"}, {"rating": "6.66", "name": "Eldin Jakupovic ", "weight": "78", "age": "32", "apps": "22", "height": "191", "assists": "-", "goals": "-"}, {"rating": "6.60", "name": "Michael Dawson ", "weight": "76", "age": "33", "apps": "19(3)", "height": "188", "assists": "-", "goals": "3"}, {"rating": "6.59", "name": "Kamil Grosicki ", "weight": "78", "age": "29", "apps": "12(3)", "height": "180", "assists": "3", "goals": "-"}, {"rating": "6.58", "name": "Ahmed Elmohamady ", "weight": "81", "age": "29", "apps": "28(5)", "height": "182", "assists": "2", "goals": "-"}, {"rating": "6.55", "name": "Shaun Maloney ", "weight": "69", "age": "34", "apps": "2(7)", "height": "170", "assists": "2", "goals": "1"}, {"rating": "6.51", "name": "Alfred N'Diaye ", "weight": "82", "age": "27", "apps": "15", "height": "187", "assists": "-", "goals": "1"}, {"rating": "6.51", "name": "Tom Huddlestone ", "weight": "80", "age": "30", "apps": "23(8)", "height": "188", "assists": "-", "goals": "1"}, {"rating": "6.44", "name": "Dieumerci Mbokani ", "weight": "80", "age": "31", "apps": "8(4)", "height": "185", "assists": "1", "goals": "-"}, {"rating": "6.43", "name": "Adama Diomande ", "weight": "75", "age": "27", "apps": "13(9)", "height": "180", "assists": "-", "goals": "2"}, {"rating": "6.41", "name": "David Marshall ", "weight": "83", "age": "32", "apps": "16", "height": "190", "assists": "-", "goals": "-"}, {"rating": "6.40", "name": "Abel Hern\u00e1ndez ", "weight": "70", "age": "26", "apps": "16(8)", "height": "185", "assists": "3", "goals": "4"}, {"rating": "6.39", "name": "David Meyler ", "weight": "81", "age": "28", "apps": "9(11)", "height": "189", "assists": "-", "goals": "1"}, {"rating": "6.38", "name": "Evandro ", "weight": "70", "age": "30", "apps": "7(4)", "height": "179", "assists": "-", "goals": "-"}, {"rating": "6.37", "name": "Oumar Niasse ", "weight": "75", "age": "27", "apps": "12(5)", "height": "182", "assists": "1", "goals": "4"}, {"rating": "6.30", "name": "Josh Tymon ", "weight": "74", "age": "18", "apps": "4(1)", "height": "178", "assists": "-", "goals": "-"}, {"rating": "6.29", "name": "Ryan Mason ", "weight": "68", "age": "26", "apps": "11(5)", "height": "175", "assists": "-", "goals": "1"}, {"rating": "6.27", "name": "Omar Elabdellaoui ", "weight": "73", "age": "25", "apps": "7(1)", "height": "179", "assists": "-", "goals": "-"}, {"rating": "6.19", "name": "Markus Henriksen ", "weight": "85", "age": "24", "apps": "6(9)", "height": "187", "assists": "-", "goals": "-"}, {"rating": "5.99", "name": "Jarrod Bowen ", "weight": "0", "age": "20", "apps": "1(6)", "height": "175", "assists": "-", "goals": "-"}, {"rating": "5.86", "name": "Will Keane ", "weight": "78", "age": "24", "apps": "4(1)", "height": "188", "assists": "-", "goals": "-"}]}