{"players": [{"rating": "7.26", "name": "Wilfred Ndidi ", "weight": "80", "age": "20", "apps": "17", "height": "187", "assists": "1", "goals": "2"}, {"rating": "7.05", "name": "Christian Fuchs ", "weight": "80", "age": "31", "apps": "35(1)", "height": "186", "assists": "4", "goals": "2"}, {"rating": "6.91", "name": "Riyad Mahrez ", "weight": "62", "age": "26", "apps": "33(3)", "height": "179", "assists": "3", "goals": "6"}, {"rating": "6.85", "name": "Marc Albrighton ", "weight": "67", "age": "27", "apps": "29(4)", "height": "174", "assists": "6", "goals": "2"}, {"rating": "6.84", "name": "Kasper Schmeichel ", "weight": "76", "age": "30", "apps": "30", "height": "185", "assists": "-", "goals": "-"}, {"rating": "6.83", "name": "Jamie Vardy ", "weight": "76", "age": "30", "apps": "33(2)", "height": "178", "assists": "5", "goals": "13"}, {"rating": "6.81", "name": "Robert Huth ", "weight": "88", "age": "32", "apps": "33", "height": "191", "assists": "2", "goals": "2"}, {"rating": "6.78", "name": "Daniel Drinkwater ", "weight": "70", "age": "27", "apps": "27(2)", "height": "177", "assists": "1", "goals": "1"}, {"rating": "6.75", "name": "Yohan Benalouane ", "weight": "79", "age": "30", "apps": "11", "height": "185", "assists": "-", "goals": "-"}, {"rating": "6.72", "name": "Danny Simpson ", "weight": "78", "age": "30", "apps": "34(1)", "height": "177", "assists": "2", "goals": "-"}, {"rating": "6.69", "name": "Ben Chilwell ", "weight": "71", "age": "20", "apps": "7(5)", "height": "178", "assists": "-", "goals": "1"}, {"rating": "6.69", "name": "Islam Slimani ", "weight": "79", "age": "29", "apps": "13(10)", "height": "188", "assists": "4", "goals": "7"}, {"rating": "6.66", "name": "Wes Morgan ", "weight": "93", "age": "33", "apps": "27", "height": "185", "assists": "-", "goals": "1"}, {"rating": "6.61", "name": "Andy King ", "weight": "75", "age": "28", "apps": "15(8)", "height": "183", "assists": "-", "goals": "1"}, {"rating": "6.51", "name": "Daniel Amartey ", "weight": "78", "age": "22", "apps": "17(7)", "height": "183", "assists": "1", "goals": "1"}, {"rating": "6.50", "name": "Shinji Okazaki ", "weight": "70", "age": "31", "apps": "21(9)", "height": "174", "assists": "1", "goals": "3"}, {"rating": "6.45", "name": "Demarai Gray ", "weight": "66", "age": "21", "apps": "9(21)", "height": "179", "assists": "3", "goals": "1"}, {"rating": "6.38", "name": "Nampalys Mendy ", "weight": "68", "age": "25", "apps": "4", "height": "168", "assists": "-", "goals": "-"}, {"rating": "6.37", "name": "Luis Hern\u00e1ndez ", "weight": "74", "age": "28", "apps": "3(1)", "height": "182", "assists": "-", "goals": "-"}, {"rating": "6.34", "name": "Leonardo Ulloa ", "weight": "75", "age": "30", "apps": "3(13)", "height": "185", "assists": "-", "goals": "1"}, {"rating": "6.32", "name": "Marcin Wasilewski ", "weight": "88", "age": "37", "apps": "1", "height": "186", "assists": "-", "goals": "-"}, {"rating": "6.32", "name": "Ahmed Musa ", "weight": "65", "age": "24", "apps": "7(14)", "height": "176", "assists": "-", "goals": "2"}, {"rating": "6.24", "name": "Jeffrey Schlupp ", "weight": "72", "age": "24", "apps": "1(3)", "height": "178", "assists": "-", "goals": "-"}, {"rating": "6.22", "name": "Ron-Robert Zieler ", "weight": "83", "age": "28", "apps": "8(1)", "height": "187", "assists": "-", "goals": "-"}, {"rating": "6.00", "name": "Matthew James ", "weight": "73", "age": "25", "apps": "0(1)", "height": "178", "assists": "-", "goals": "-"}]}