{"players": [{"rating": "7.56", "name": "Philippe Coutinho ", "weight": "71", "age": "25", "apps": "28(3)", "height": "171", "assists": "7", "goals": "13"}, {"rating": "7.54", "name": "Roberto Firmino ", "weight": "76", "age": "25", "apps": "34(1)", "height": "181", "assists": "7", "goals": "11"}, {"rating": "7.51", "name": "Sadio Man\u00e9 ", "weight": "69", "age": "25", "apps": "26(1)", "height": "175", "assists": "5", "goals": "13"}, {"rating": "7.30", "name": "Jordan Henderson ", "weight": "67", "age": "27", "apps": "24", "height": "182", "assists": "4", "goals": "1"}, {"rating": "7.26", "name": "James Milner ", "weight": "70", "age": "31", "apps": "36", "height": "175", "assists": "3", "goals": "7"}, {"rating": "7.13", "name": "Dejan Lovren ", "weight": "84", "age": "28", "apps": "29", "height": "188", "assists": "1", "goals": "2"}, {"rating": "7.11", "name": "Joel Matip ", "weight": "90", "age": "25", "apps": "27(2)", "height": "195", "assists": "-", "goals": "1"}, {"rating": "7.10", "name": "Adam Lallana ", "weight": "73", "age": "29", "apps": "27(4)", "height": "172", "assists": "7", "goals": "8"}, {"rating": "7.05", "name": "Emre Can ", "weight": "82", "age": "23", "apps": "26(6)", "height": "184", "assists": "2", "goals": "5"}, {"rating": "6.95", "name": "Georginio Wijnaldum ", "weight": "69", "age": "26", "apps": "33(3)", "height": "175", "assists": "9", "goals": "6"}, {"rating": "6.80", "name": "Nathaniel Clyne ", "weight": "67", "age": "26", "apps": "37", "height": "175", "assists": "2", "goals": "-"}, {"rating": "6.72", "name": "Simon Mignolet ", "weight": "87", "age": "29", "apps": "28", "height": "193", "assists": "-", "goals": "-"}, {"rating": "6.68", "name": "Lucas Leiva ", "weight": "74", "age": "30", "apps": "12(12)", "height": "179", "assists": "3", "goals": "-"}, {"rating": "6.68", "name": "Ragnar Klavan ", "weight": "85", "age": "31", "apps": "15(5)", "height": "187", "assists": "-", "goals": "-"}, {"rating": "6.67", "name": "Daniel Sturridge ", "weight": "76", "age": "27", "apps": "7(13)", "height": "188", "assists": "1", "goals": "3"}, {"rating": "6.50", "name": "Divock Origi ", "weight": "75", "age": "22", "apps": "14(20)", "height": "185", "assists": "3", "goals": "7"}, {"rating": "6.34", "name": "Loris Karius ", "weight": "75", "age": "24", "apps": "10", "height": "189", "assists": "-", "goals": "-"}, {"rating": "6.28", "name": "Alberto Moreno ", "weight": "65", "age": "25", "apps": "2(10)", "height": "171", "assists": "1", "goals": "-"}, {"rating": "6.22", "name": "Marko Grujic ", "weight": "82", "age": "21", "apps": "0(5)", "height": "191", "assists": "-", "goals": "-"}, {"rating": "6.20", "name": "Trent Alexander-Arnold ", "weight": "69", "age": "18", "apps": "2(5)", "height": "175", "assists": "-", "goals": "-"}, {"rating": "6.14", "name": "Ben Woodburn ", "weight": "72", "age": "17", "apps": "1(4)", "height": "174", "assists": "-", "goals": "-"}, {"rating": "6.13", "name": "Kevin Stewart ", "weight": "73", "age": "23", "apps": "0(4)", "height": "181", "assists": "-", "goals": "-"}, {"rating": "6.10", "name": "Ovie Ejaria ", "weight": "75", "age": "19", "apps": "0(2)", "height": "183", "assists": "-", "goals": "-"}]}