{"players": [{"rating": "8.34", "name": "Josh Harrop ", "weight": "70", "age": "21", "apps": "1", "height": "175", "assists": "-", "goals": "1"}, {"rating": "8.17", "name": "Sergio Romero ", "weight": "87", "age": "30", "apps": "2", "height": "192", "assists": "-", "goals": "-"}, {"rating": "8.15", "name": "Demetri Mitchell ", "weight": "71", "age": "20", "apps": "1", "height": "181", "assists": "-", "goals": "-"}, {"rating": "7.72", "name": "Paul Pogba ", "weight": "84", "age": "24", "apps": "29(1)", "height": "191", "assists": "4", "goals": "5"}, {"rating": "7.41", "name": "Zlatan Ibrahimovic ", "weight": "95", "age": "35", "apps": "27(1)", "height": "195", "assists": "5", "goals": "17"}, {"rating": "7.36", "name": "Ander Herrera ", "weight": "70", "age": "27", "apps": "27(4)", "height": "182", "assists": "6", "goals": "1"}, {"rating": "7.24", "name": "Antonio Valencia ", "weight": "83", "age": "31", "apps": "27(1)", "height": "180", "assists": "3", "goals": "1"}, {"rating": "7.23", "name": "Eric Bailly ", "weight": "77", "age": "23", "apps": "24(1)", "height": "187", "assists": "-", "goals": "-"}, {"rating": "7.23", "name": "Daley Blind ", "weight": "72", "age": "27", "apps": "20(3)", "height": "180", "assists": "2", "goals": "1"}, {"rating": "7.21", "name": "Phil Jones ", "weight": "71", "age": "25", "apps": "18", "height": "180", "assists": "-", "goals": "-"}, {"rating": "7.16", "name": "Marcos Rojo ", "weight": "80", "age": "27", "apps": "18(3)", "height": "187", "assists": "-", "goals": "1"}, {"rating": "6.98", "name": "Juan Mata ", "weight": "63", "age": "29", "apps": "19(6)", "height": "170", "assists": "3", "goals": "6"}, {"rating": "6.95", "name": "Matteo Darmian ", "weight": "70", "age": "27", "apps": "15(3)", "height": "182", "assists": "-", "goals": "-"}, {"rating": "6.94", "name": "Anthony Martial ", "weight": "76", "age": "21", "apps": "18(7)", "height": "181", "assists": "6", "goals": "4"}, {"rating": "6.91", "name": "Marouane Fellaini ", "weight": "85", "age": "29", "apps": "18(10)", "height": "194", "assists": "-", "goals": "1"}, {"rating": "6.90", "name": "Luke Shaw ", "weight": "75", "age": "21", "apps": "9(2)", "height": "185", "assists": "1", "goals": "-"}, {"rating": "6.90", "name": "Henrikh Mkhitaryan ", "weight": "75", "age": "28", "apps": "15(9)", "height": "177", "assists": "1", "goals": "4"}, {"rating": "6.83", "name": "Ashley Young ", "weight": "65", "age": "32", "apps": "8(4)", "height": "175", "assists": "1", "goals": "-"}, {"rating": "6.80", "name": "Wayne Rooney ", "weight": "83", "age": "31", "apps": "15(10)", "height": "176", "assists": "5", "goals": "5"}, {"rating": "6.78", "name": "Joel Pereira ", "weight": "70", "age": "21", "apps": "1", "height": "188", "assists": "-", "goals": "-"}, {"rating": "6.72", "name": "Chris Smalling ", "weight": "81", "age": "27", "apps": "13(5)", "height": "194", "assists": "1", "goals": "1"}, {"rating": "6.69", "name": "Jesse Lingard ", "weight": "62", "age": "24", "apps": "18(7)", "height": "175", "assists": "2", "goals": "1"}, {"rating": "6.68", "name": "Michael Carrick ", "weight": "74", "age": "35", "apps": "18(5)", "height": "188", "assists": "-", "goals": "-"}, {"rating": "6.64", "name": "Axel Tuanzebe ", "weight": "75", "age": "19", "apps": "4", "height": "182", "assists": "-", "goals": "-"}, {"rating": "6.60", "name": "Scott McTominay ", "weight": "88", "age": "20", "apps": "1(1)", "height": "193", "assists": "-", "goals": "-"}, {"rating": "6.58", "name": "Marcus Rashford ", "weight": "70", "age": "19", "apps": "16(16)", "height": "180", "assists": "1", "goals": "5"}, {"rating": "6.57", "name": "David de Gea ", "weight": "76", "age": "26", "apps": "35", "height": "192", "assists": "-", "goals": "-"}, {"rating": "6.38", "name": "Timothy Fosu-Mensah ", "weight": "78", "age": "19", "apps": "1(3)", "height": "190", "assists": "-", "goals": "-"}, {"rating": "6.05", "name": "Angel Gomes ", "weight": "52", "age": "16", "apps": "0(1)", "height": "168", "assists": "-", "goals": "-"}, {"rating": "6.04", "name": "Morgan Schneiderlin ", "weight": "75", "age": "27", "apps": "0(3)", "height": "181", "assists": "-", "goals": "-"}, {"rating": "5.95", "name": "Memphis Depay ", "weight": "78", "age": "23", "apps": "0(4)", "height": "176", "assists": "-", "goals": "-"}]}