{"players": [{"rating": "7.55", "name": "Kevin De Bruyne ", "weight": "68", "age": "26", "apps": "33(3)", "height": "181", "assists": "18", "goals": "6"}, {"rating": "7.49", "name": "Nicol\u00e1s Otamendi ", "weight": "81", "age": "29", "apps": "29(1)", "height": "183", "assists": "1", "goals": "1"}, {"rating": "7.49", "name": "Gabriel Jesus ", "weight": "73", "age": "20", "apps": "8(2)", "height": "175", "assists": "4", "goals": "7"}, {"rating": "7.33", "name": "Sergio Ag\u00fcero ", "weight": "70", "age": "29", "apps": "25(6)", "height": "173", "assists": "3", "goals": "20"}, {"rating": "7.30", "name": "Aleksandar Kolarov ", "weight": "83", "age": "31", "apps": "27(2)", "height": "187", "assists": "1", "goals": "1"}, {"rating": "7.28", "name": "David Silva ", "weight": "67", "age": "31", "apps": "31(3)", "height": "173", "assists": "7", "goals": "4"}, {"rating": "7.18", "name": "Vincent Kompany ", "weight": "85", "age": "31", "apps": "10(1)", "height": "193", "assists": "-", "goals": "3"}, {"rating": "7.17", "name": "Yaya Tour\u00e9 ", "weight": "90", "age": "34", "apps": "22(3)", "height": "188", "assists": "-", "goals": "5"}, {"rating": "7.16", "name": "Fernandinho ", "weight": "67", "age": "32", "apps": "31(1)", "height": "179", "assists": "1", "goals": "2"}, {"rating": "7.07", "name": "Ilkay G\u00fcndogan ", "weight": "80", "age": "26", "apps": "9(1)", "height": "180", "assists": "1", "goals": "3"}, {"rating": "7.06", "name": "Leroy San\u00e9 ", "weight": "75", "age": "21", "apps": "20(6)", "height": "183", "assists": "3", "goals": "5"}, {"rating": "7.05", "name": "Raheem Sterling ", "weight": "69", "age": "22", "apps": "29(4)", "height": "170", "assists": "6", "goals": "7"}, {"rating": "6.98", "name": "Ga\u00ebl Clichy ", "weight": "65", "age": "31", "apps": "24(1)", "height": "176", "assists": "-", "goals": "1"}, {"rating": "6.93", "name": "Bacary Sagna ", "weight": "72", "age": "34", "apps": "14(3)", "height": "176", "assists": "1", "goals": "-"}, {"rating": "6.78", "name": "John Stones ", "weight": "70", "age": "23", "apps": "23(4)", "height": "188", "assists": "-", "goals": "-"}, {"rating": "6.74", "name": "Pablo Zabaleta ", "weight": "74", "age": "32", "apps": "11(9)", "height": "176", "assists": "1", "goals": "1"}, {"rating": "6.69", "name": "Willy Caballero ", "weight": "80", "age": "35", "apps": "16(1)", "height": "186", "assists": "-", "goals": "-"}, {"rating": "6.59", "name": "Nolito ", "weight": "65", "age": "30", "apps": "9(10)", "height": "175", "assists": "2", "goals": "4"}, {"rating": "6.56", "name": "Fabian Delph ", "weight": "60", "age": "27", "apps": "2(5)", "height": "174", "assists": "-", "goals": "1"}, {"rating": "6.53", "name": "Jes\u00fas Navas ", "weight": "60", "age": "31", "apps": "12(12)", "height": "170", "assists": "-", "goals": "-"}, {"rating": "6.52", "name": "Fernando ", "weight": "76", "age": "29", "apps": "5(10)", "height": "183", "assists": "-", "goals": "-"}, {"rating": "6.40", "name": "Kelechi Iheanacho ", "weight": "77", "age": "20", "apps": "5(15)", "height": "187", "assists": "3", "goals": "4"}, {"rating": "6.38", "name": "Claudio Bravo ", "weight": "80", "age": "34", "apps": "22", "height": "184", "assists": "-", "goals": "-"}, {"rating": "6.34", "name": "Samir Nasri ", "weight": "75", "age": "30", "apps": "0(1)", "height": "175", "assists": "-", "goals": "-"}, {"rating": "6.26", "name": "Aleix Garc\u00eda ", "weight": "68", "age": "20", "apps": "1(3)", "height": "173", "assists": "-", "goals": "-"}]}