{"players": [{"rating": "7.05", "name": "Calum Chambers ", "weight": "66", "age": "22", "apps": "24", "height": "182", "assists": "1", "goals": "1"}, {"rating": "7.03", "name": "Adama Traor\u00e9 ", "weight": "72", "age": "21", "apps": "16(11)", "height": "178", "assists": "1", "goals": "-"}, {"rating": "6.99", "name": "George Friend ", "weight": "83", "age": "29", "apps": "20(4)", "height": "188", "assists": "2", "goals": "-"}, {"rating": "6.94", "name": "Antonio Barrag\u00e1n ", "weight": "83", "age": "30", "apps": "26", "height": "186", "assists": "-", "goals": "-"}, {"rating": "6.91", "name": "\u00c1lvaro Negredo ", "weight": "86", "age": "31", "apps": "33(3)", "height": "186", "assists": "4", "goals": "9"}, {"rating": "6.84", "name": "Gast\u00f3n Ram\u00edrez ", "weight": "77", "age": "26", "apps": "20(4)", "height": "183", "assists": "3", "goals": "2"}, {"rating": "6.83", "name": "Fabio ", "weight": "65", "age": "27", "apps": "21(3)", "height": "172", "assists": "-", "goals": "-"}, {"rating": "6.83", "name": "Bernardo ", "weight": "84", "age": "28", "apps": "10(1)", "height": "192", "assists": "-", "goals": "-"}, {"rating": "6.82", "name": "Ben Gibson ", "weight": "78", "age": "24", "apps": "38", "height": "185", "assists": "1", "goals": "1"}, {"rating": "6.80", "name": "Adam Clayton ", "weight": "75", "age": "28", "apps": "32(2)", "height": "175", "assists": "2", "goals": "-"}, {"rating": "6.76", "name": "Daniel Ayala ", "weight": "81", "age": "26", "apps": "11(3)", "height": "190", "assists": "-", "goals": "1"}, {"rating": "6.66", "name": "V\u00edctor Vald\u00e9s ", "weight": "78", "age": "35", "apps": "28", "height": "183", "assists": "-", "goals": "-"}, {"rating": "6.62", "name": "Marten de Roon ", "weight": "76", "age": "26", "apps": "32(1)", "height": "185", "assists": "-", "goals": "4"}, {"rating": "6.62", "name": "Nsue ", "weight": "75", "age": "27", "apps": "4", "height": "182", "assists": "-", "goals": "-"}, {"rating": "6.61", "name": "Adam Forshaw ", "weight": "71", "age": "25", "apps": "30(4)", "height": "185", "assists": "1", "goals": "-"}, {"rating": "6.61", "name": "Cristhian Stuani ", "weight": "77", "age": "30", "apps": "16(7)", "height": "186", "assists": "-", "goals": "4"}, {"rating": "6.57", "name": "Stewart Downing ", "weight": "64", "age": "32", "apps": "24(6)", "height": "180", "assists": "3", "goals": "1"}, {"rating": "6.57", "name": "Rudy Gestede ", "weight": "86", "age": "28", "apps": "4(12)", "height": "193", "assists": "-", "goals": "1"}, {"rating": "6.47", "name": "Brad Guzan ", "weight": "94", "age": "32", "apps": "10", "height": "193", "assists": "-", "goals": "-"}, {"rating": "6.41", "name": "Adl\u00e8ne Gu\u00e9dioura ", "weight": "81", "age": "31", "apps": "0(5)", "height": "186", "assists": "-", "goals": "-"}, {"rating": "6.40", "name": "Grant Leadbitter ", "weight": "79", "age": "31", "apps": "7(6)", "height": "177", "assists": "-", "goals": "1"}, {"rating": "6.37", "name": "Viktor Fischer ", "weight": "81", "age": "23", "apps": "6(7)", "height": "180", "assists": "3", "goals": "-"}, {"rating": "6.28", "name": "Patrick Bamford ", "weight": "71", "age": "23", "apps": "2(6)", "height": "185", "assists": "-", "goals": "1"}, {"rating": "6.27", "name": "Albert Adomah ", "weight": "73", "age": "29", "apps": "1(1)", "height": "185", "assists": "-", "goals": "-"}, {"rating": "6.24", "name": "Jordan Rhodes ", "weight": "71", "age": "27", "apps": "2(4)", "height": "185", "assists": "-", "goals": "-"}, {"rating": "6.03", "name": "David Nugent ", "weight": "76", "age": "32", "apps": "0(4)", "height": "180", "assists": "-", "goals": "-"}, {"rating": "5.80", "name": "James Husband ", "weight": "65", "age": "23", "apps": "1", "height": "179", "assists": "-", "goals": "-"}]}