{"players": [{"rating": "7.43", "name": "Virgil van Dijk ", "weight": "92", "age": "26", "apps": "21", "height": "193", "assists": "-", "goals": "1"}, {"rating": "7.15", "name": "Oriol Romeu ", "weight": "83", "age": "25", "apps": "35", "height": "183", "assists": "-", "goals": "1"}, {"rating": "7.03", "name": "Maya Yoshida ", "weight": "78", "age": "28", "apps": "23", "height": "189", "assists": "-", "goals": "1"}, {"rating": "6.97", "name": "Nathan Redmond ", "weight": "69", "age": "23", "apps": "32(5)", "height": "173", "assists": "1", "goals": "7"}, {"rating": "6.96", "name": "C\u00e9dric Soares ", "weight": "67", "age": "25", "apps": "30", "height": "172", "assists": "3", "goals": "-"}, {"rating": "6.94", "name": "Charlie Austin ", "weight": "84", "age": "28", "apps": "11(4)", "height": "188", "assists": "1", "goals": "6"}, {"rating": "6.86", "name": "Ryan Bertrand ", "weight": "85", "age": "27", "apps": "28", "height": "179", "assists": "4", "goals": "2"}, {"rating": "6.81", "name": "Jos\u00e9 Fonte ", "weight": "81", "age": "33", "apps": "17", "height": "187", "assists": "-", "goals": "-"}, {"rating": "6.81", "name": "Matt Targett ", "weight": "70", "age": "21", "apps": "5", "height": "183", "assists": "-", "goals": "-"}, {"rating": "6.79", "name": "Pierre-Emile H\u00f8jbjerg ", "weight": "84", "age": "21", "apps": "14(8)", "height": "185", "assists": "-", "goals": "-"}, {"rating": "6.78", "name": "Jack Stephens ", "weight": "75", "age": "23", "apps": "15(2)", "height": "185", "assists": "1", "goals": "-"}, {"rating": "6.73", "name": "Sofiane Boufal ", "weight": "60", "age": "23", "apps": "12(12)", "height": "170", "assists": "-", "goals": "1"}, {"rating": "6.72", "name": "Dusan Tadic ", "weight": "76", "age": "28", "apps": "30(3)", "height": "181", "assists": "5", "goals": "3"}, {"rating": "6.69", "name": "James Ward-Prowse ", "weight": "66", "age": "22", "apps": "22(8)", "height": "173", "assists": "4", "goals": "4"}, {"rating": "6.68", "name": "Steven Davis ", "weight": "70", "age": "32", "apps": "29(3)", "height": "173", "assists": "3", "goals": "-"}, {"rating": "6.66", "name": "Mart\u00edn C\u00e1ceres ", "weight": "78", "age": "30", "apps": "1", "height": "180", "assists": "-", "goals": "-"}, {"rating": "6.58", "name": "Manolo Gabbiadini ", "weight": "72", "age": "25", "apps": "10(1)", "height": "181", "assists": "-", "goals": "4"}, {"rating": "6.57", "name": "Cuco Martina ", "weight": "77", "age": "27", "apps": "6(3)", "height": "185", "assists": "-", "goals": "-"}, {"rating": "6.52", "name": "Sam McQueen ", "weight": "70", "age": "22", "apps": "5(8)", "height": "180", "assists": "-", "goals": "-"}, {"rating": "6.50", "name": "Jay Rodriguez ", "weight": "80", "age": "27", "apps": "9(15)", "height": "185", "assists": "2", "goals": "5"}, {"rating": "6.42", "name": "Josh Sims ", "weight": "0", "age": "20", "apps": "1(6)", "height": "0", "assists": "1", "goals": "-"}, {"rating": "6.40", "name": "Shane Long ", "weight": "81", "age": "30", "apps": "10(22)", "height": "178", "assists": "1", "goals": "3"}, {"rating": "6.40", "name": "Jordy Clasie ", "weight": "66", "age": "26", "apps": "12(4)", "height": "169", "assists": "1", "goals": "1"}, {"rating": "6.39", "name": "Fraser Forster ", "weight": "93", "age": "29", "apps": "38", "height": "201", "assists": "-", "goals": "-"}, {"rating": "6.33", "name": "J\u00e9r\u00e9my Pied ", "weight": "69", "age": "28", "apps": "1(3)", "height": "173", "assists": "-", "goals": "-"}, {"rating": "6.29", "name": "Harrison Reed ", "weight": "72", "age": "22", "apps": "1(2)", "height": "181", "assists": "-", "goals": "-"}]}