{"players": [{"rating": "7.11", "name": "Geoff Cameron ", "weight": "84", "age": "32", "apps": "18(1)", "height": "191", "assists": "1", "goals": "-"}, {"rating": "6.96", "name": "Xherdan Shaqiri ", "weight": "72", "age": "25", "apps": "21", "height": "169", "assists": "2", "goals": "4"}, {"rating": "6.95", "name": "Joe Allen ", "weight": "62", "age": "27", "apps": "34(2)", "height": "168", "assists": "2", "goals": "6"}, {"rating": "6.94", "name": "Marc Muniesa ", "weight": "72", "age": "25", "apps": "7(3)", "height": "179", "assists": "-", "goals": "1"}, {"rating": "6.93", "name": "Peter Crouch ", "weight": "75", "age": "36", "apps": "13(14)", "height": "201", "assists": "2", "goals": "7"}, {"rating": "6.90", "name": "Ryan Shawcross ", "weight": "76", "age": "29", "apps": "35", "height": "191", "assists": "1", "goals": "1"}, {"rating": "6.89", "name": "Lee Grant ", "weight": "83", "age": "34", "apps": "28", "height": "193", "assists": "-", "goals": "-"}, {"rating": "6.88", "name": "Erik Pieters ", "weight": "84", "age": "28", "apps": "35(1)", "height": "183", "assists": "1", "goals": "-"}, {"rating": "6.85", "name": "Bruno Martins Indi ", "weight": "76", "age": "25", "apps": "35", "height": "185", "assists": "-", "goals": "1"}, {"rating": "6.84", "name": "Marko Arnautovic ", "weight": "83", "age": "28", "apps": "32", "height": "192", "assists": "5", "goals": "6"}, {"rating": "6.82", "name": "Jack Butland ", "weight": "95", "age": "24", "apps": "5", "height": "196", "assists": "-", "goals": "-"}, {"rating": "6.79", "name": "Glen Johnson ", "weight": "78", "age": "32", "apps": "21(2)", "height": "182", "assists": "-", "goals": "-"}, {"rating": "6.70", "name": "Charlie Adam ", "weight": "83", "age": "31", "apps": "17(7)", "height": "185", "assists": "3", "goals": "1"}, {"rating": "6.65", "name": "Philipp Wollscheid ", "weight": "88", "age": "28", "apps": "2", "height": "194", "assists": "-", "goals": "-"}, {"rating": "6.64", "name": "Jonathan Walters ", "weight": "79", "age": "33", "apps": "13(10)", "height": "183", "assists": "2", "goals": "4"}, {"rating": "6.63", "name": "Mame Biram Diouf ", "weight": "79", "age": "29", "apps": "15(12)", "height": "185", "assists": "2", "goals": "1"}, {"rating": "6.61", "name": "Wilfried Bony ", "weight": "88", "age": "28", "apps": "9(1)", "height": "182", "assists": "-", "goals": "2"}, {"rating": "6.60", "name": "Glenn Whelan ", "weight": "79", "age": "33", "apps": "26(4)", "height": "180", "assists": "1", "goals": "-"}, {"rating": "6.57", "name": "Bojan ", "weight": "65", "age": "26", "apps": "5(4)", "height": "170", "assists": "-", "goals": "3"}, {"rating": "6.57", "name": "Phil Bardsley ", "weight": "74", "age": "32", "apps": "14(1)", "height": "180", "assists": "-", "goals": "-"}, {"rating": "6.48", "name": "Ramadan Sobhi ", "weight": "75", "age": "20", "apps": "8(9)", "height": "183", "assists": "1", "goals": "-"}, {"rating": "6.44", "name": "Shay Given ", "weight": "84", "age": "41", "apps": "5", "height": "185", "assists": "-", "goals": "-"}, {"rating": "6.40", "name": "Giannelli Imbula ", "weight": "78", "age": "24", "apps": "9(3)", "height": "186", "assists": "-", "goals": "-"}, {"rating": "6.22", "name": "Ibrahim Afellay ", "weight": "76", "age": "31", "apps": "3(9)", "height": "180", "assists": "-", "goals": "-"}, {"rating": "6.22", "name": "Saido Berahino ", "weight": "82", "age": "23", "apps": "8(5)", "height": "180", "assists": "-", "goals": "-"}, {"rating": "6.09", "name": "Julien Ngoy ", "weight": "64", "age": "19", "apps": "0(5)", "height": "185", "assists": "-", "goals": "-"}]}