{"players": [{"rating": "7.16", "name": "Younes Kaboul ", "weight": "87", "age": "31", "apps": "1", "height": "193", "assists": "-", "goals": "-"}, {"rating": "7.04", "name": "Jordan Pickford ", "weight": "77", "age": "23", "apps": "29", "height": "185", "assists": "-", "goals": "-"}, {"rating": "7.02", "name": "Papy Djilobodji ", "weight": "82", "age": "28", "apps": "17(1)", "height": "193", "assists": "-", "goals": "-"}, {"rating": "6.98", "name": "Bryan Oviedo ", "weight": "69", "age": "27", "apps": "10", "height": "172", "assists": "-", "goals": "-"}, {"rating": "6.94", "name": "Patrick van Aanholt ", "weight": "74", "age": "26", "apps": "20(1)", "height": "176", "assists": "1", "goals": "3"}, {"rating": "6.86", "name": "Victor Anichebe ", "weight": "85", "age": "29", "apps": "14(4)", "height": "191", "assists": "-", "goals": "3"}, {"rating": "6.86", "name": "Billy Jones ", "weight": "77", "age": "30", "apps": "25(2)", "height": "181", "assists": "-", "goals": "1"}, {"rating": "6.75", "name": "Lamine Kon\u00e9 ", "weight": "90", "age": "28", "apps": "29(1)", "height": "189", "assists": "-", "goals": "1"}, {"rating": "6.64", "name": "Didier Ndong ", "weight": "75", "age": "23", "apps": "27(4)", "height": "179", "assists": "-", "goals": "1"}, {"rating": "6.63", "name": "Vito Mannone ", "weight": "77", "age": "29", "apps": "9", "height": "188", "assists": "-", "goals": "-"}, {"rating": "6.62", "name": "Jack Rodwell ", "weight": "80", "age": "26", "apps": "17(3)", "height": "188", "assists": "1", "goals": "-"}, {"rating": "6.61", "name": "Donald Love ", "weight": "72", "age": "22", "apps": "6(6)", "height": "178", "assists": "1", "goals": "-"}, {"rating": "6.58", "name": "Jermain Defoe ", "weight": "65", "age": "34", "apps": "37", "height": "171", "assists": "2", "goals": "15"}, {"rating": "6.56", "name": "Duncan Watmore ", "weight": "72", "age": "23", "apps": "11(3)", "height": "175", "assists": "2", "goals": "-"}, {"rating": "6.56", "name": "John O'Shea ", "weight": "75", "age": "36", "apps": "26(2)", "height": "191", "assists": "1", "goals": "-"}, {"rating": "6.54", "name": "Jason Denayer ", "weight": "70", "age": "22", "apps": "22(2)", "height": "184", "assists": "-", "goals": "-"}, {"rating": "6.53", "name": "Fabio Borini ", "weight": "73", "age": "26", "apps": "19(5)", "height": "180", "assists": "-", "goals": "2"}, {"rating": "6.52", "name": "Adnan Januzaj ", "weight": "75", "age": "22", "apps": "18(7)", "height": "182", "assists": "3", "goals": "-"}, {"rating": "6.51", "name": "Javier Manquillo ", "weight": "75", "age": "23", "apps": "15(5)", "height": "180", "assists": "-", "goals": "1"}, {"rating": "6.51", "name": "George Honeyman ", "weight": "72", "age": "22", "apps": "2(3)", "height": "173", "assists": "-", "goals": "-"}, {"rating": "6.49", "name": "Lee Cattermole ", "weight": "76", "age": "29", "apps": "8", "height": "178", "assists": "-", "goals": "-"}, {"rating": "6.46", "name": "Sebastian Larsson ", "weight": "70", "age": "32", "apps": "17(4)", "height": "178", "assists": "1", "goals": "-"}, {"rating": "6.46", "name": "Jeremain Lens ", "weight": "80", "age": "29", "apps": "0(2)", "height": "178", "assists": "-", "goals": "-"}, {"rating": "6.44", "name": "Jan Kirchhoff ", "weight": "90", "age": "26", "apps": "5(2)", "height": "195", "assists": "-", "goals": "-"}, {"rating": "6.32", "name": "Darron Gibson ", "weight": "90", "age": "29", "apps": "7(5)", "height": "183", "assists": "-", "goals": "-"}, {"rating": "6.29", "name": "Wahbi Khazri ", "weight": "76", "age": "26", "apps": "7(14)", "height": "182", "assists": "-", "goals": "1"}, {"rating": "6.27", "name": "Steven Pienaar ", "weight": "69", "age": "35", "apps": "10(5)", "height": "170", "assists": "-", "goals": "-"}, {"rating": "6.22", "name": "Lynden Gooch ", "weight": "69", "age": "21", "apps": "4(7)", "height": "173", "assists": "-", "goals": "-"}, {"rating": "6.19", "name": "Paddy McNair ", "weight": "72", "age": "22", "apps": "5(4)", "height": "183", "assists": "-", "goals": "-"}, {"rating": "5.96", "name": "Joleon Lescott ", "weight": "89", "age": "34", "apps": "1(1)", "height": "190", "assists": "-", "goals": "-"}, {"rating": "5.94", "name": "Joel Asoro ", "weight": "75", "age": "18", "apps": "0(1)", "height": "175", "assists": "-", "goals": "-"}]}