{"players": [{"rating": "7.25", "name": "Gylfi Sigurdsson ", "weight": "79", "age": "27", "apps": "37(1)", "height": "186", "assists": "13", "goals": "9"}, {"rating": "6.99", "name": "Alfie Mawson ", "weight": "81", "age": "23", "apps": "27", "height": "188", "assists": "-", "goals": "4"}, {"rating": "6.98", "name": "Fernando Llorente ", "weight": "90", "age": "32", "apps": "28(5)", "height": "193", "assists": "1", "goals": "15"}, {"rating": "6.93", "name": "Kyle Naughton ", "weight": "73", "age": "28", "apps": "31", "height": "180", "assists": "-", "goals": "1"}, {"rating": "6.85", "name": "Federico Fern\u00e1ndez ", "weight": "83", "age": "28", "apps": "27", "height": "190", "assists": "2", "goals": "-"}, {"rating": "6.84", "name": "Leroy Fer ", "weight": "79", "age": "27", "apps": "27(7)", "height": "188", "assists": "2", "goals": "6"}, {"rating": "6.76", "name": "Tom Carroll ", "weight": "71", "age": "25", "apps": "16(1)", "height": "177", "assists": "2", "goals": "1"}, {"rating": "6.75", "name": "Martin Olsson ", "weight": "81", "age": "29", "apps": "14(1)", "height": "178", "assists": "-", "goals": "2"}, {"rating": "6.70", "name": "Lukasz Fabianski ", "weight": "83", "age": "32", "apps": "37", "height": "190", "assists": "-", "goals": "-"}, {"rating": "6.67", "name": "Jordan Ayew ", "weight": "80", "age": "25", "apps": "9(5)", "height": "182", "assists": "3", "goals": "1"}, {"rating": "6.60", "name": "Jack Cork ", "weight": "70", "age": "28", "apps": "25(5)", "height": "183", "assists": "-", "goals": "-"}, {"rating": "6.58", "name": "Angel Rangel ", "weight": "84", "age": "34", "apps": "8(10)", "height": "188", "assists": "-", "goals": "1"}, {"rating": "6.58", "name": "Jordi Amat ", "weight": "78", "age": "25", "apps": "15(2)", "height": "184", "assists": "-", "goals": "-"}, {"rating": "6.56", "name": "Modou Barrow ", "weight": "63", "age": "24", "apps": "12(6)", "height": "176", "assists": "2", "goals": "-"}, {"rating": "6.56", "name": "Jay Fulton ", "weight": "68", "age": "23", "apps": "9(2)", "height": "178", "assists": "-", "goals": "-"}, {"rating": "6.55", "name": "Mike van der Hoorn ", "weight": "81", "age": "24", "apps": "7(1)", "height": "190", "assists": "-", "goals": "1"}, {"rating": "6.45", "name": "Neil Taylor ", "weight": "65", "age": "28", "apps": "11", "height": "175", "assists": "-", "goals": "-"}, {"rating": "6.43", "name": "Leon Britton ", "weight": "64", "age": "34", "apps": "16", "height": "168", "assists": "-", "goals": "-"}, {"rating": "6.42", "name": "Jefferson Montero ", "weight": "68", "age": "27", "apps": "2(11)", "height": "173", "assists": "1", "goals": "-"}, {"rating": "6.40", "name": "Wayne Routledge ", "weight": "64", "age": "32", "apps": "24(3)", "height": "170", "assists": "1", "goals": "3"}, {"rating": "6.36", "name": "Ki Sung-yueng ", "weight": "79", "age": "28", "apps": "13(10)", "height": "187", "assists": "1", "goals": "-"}, {"rating": "6.35", "name": "Stephen Kingsley ", "weight": "67", "age": "22", "apps": "12(1)", "height": "178", "assists": "-", "goals": "-"}, {"rating": "6.33", "name": "Luciano Narsingh ", "weight": "69", "age": "26", "apps": "3(10)", "height": "178", "assists": "3", "goals": "-"}, {"rating": "6.29", "name": "Kristoffer Nordfeldt ", "weight": "85", "age": "28", "apps": "1", "height": "190", "assists": "-", "goals": "-"}, {"rating": "6.15", "name": "Nathan Dyer ", "weight": "60", "age": "29", "apps": "3(5)", "height": "165", "assists": "1", "goals": "-"}, {"rating": "6.11", "name": "Borja Bast\u00f3n ", "weight": "82", "age": "24", "apps": "4(14)", "height": "191", "assists": "-", "goals": "1"}, {"rating": "6.01", "name": "Oliver McBurnie ", "weight": "79", "age": "21", "apps": "0(5)", "height": "188", "assists": "-", "goals": "-"}]}