{"players": [{"rating": "7.68", "name": "Harry Kane ", "weight": "76", "age": "23", "apps": "29(1)", "height": "188", "assists": "7", "goals": "29"}, {"rating": "7.53", "name": "Christian Eriksen ", "weight": "71", "age": "25", "apps": "36", "height": "175", "assists": "15", "goals": "8"}, {"rating": "7.42", "name": "Danny Rose ", "weight": "72", "age": "27", "apps": "18", "height": "173", "assists": "2", "goals": "2"}, {"rating": "7.35", "name": "Dele Alli ", "weight": "76", "age": "21", "apps": "35(2)", "height": "188", "assists": "7", "goals": "18"}, {"rating": "7.28", "name": "Jan Vertonghen ", "weight": "86", "age": "30", "apps": "33", "height": "189", "assists": "-", "goals": "-"}, {"rating": "7.21", "name": "Victor Wanyama ", "weight": "80", "age": "26", "apps": "35(1)", "height": "188", "assists": "1", "goals": "4"}, {"rating": "7.20", "name": "Kyle Walker ", "weight": "70", "age": "27", "apps": "31(2)", "height": "178", "assists": "5", "goals": "-"}, {"rating": "7.18", "name": "Mousa Demb\u00e9l\u00e9 ", "weight": "82", "age": "29", "apps": "24(6)", "height": "185", "assists": "1", "goals": "1"}, {"rating": "7.14", "name": "Son Heung-Min ", "weight": "79", "age": "25", "apps": "23(11)", "height": "183", "assists": "6", "goals": "14"}, {"rating": "7.12", "name": "Ben Davies ", "weight": "76", "age": "24", "apps": "18(5)", "height": "181", "assists": "3", "goals": "1"}, {"rating": "7.00", "name": "Toby Alderweireld ", "weight": "81", "age": "28", "apps": "30", "height": "186", "assists": "-", "goals": "1"}, {"rating": "6.99", "name": "Erik Lamela ", "weight": "79", "age": "25", "apps": "6(3)", "height": "181", "assists": "1", "goals": "1"}, {"rating": "6.93", "name": "Eric Dier ", "weight": "88", "age": "23", "apps": "34(2)", "height": "188", "assists": "-", "goals": "2"}, {"rating": "6.86", "name": "Kieran Trippier ", "weight": "71", "age": "26", "apps": "6(6)", "height": "178", "assists": "5", "goals": "-"}, {"rating": "6.77", "name": "Hugo Lloris ", "weight": "78", "age": "30", "apps": "34", "height": "188", "assists": "-", "goals": "-"}, {"rating": "6.57", "name": "Filip Lesniak ", "weight": "70", "age": "21", "apps": "0(1)", "height": "177", "assists": "1", "goals": "-"}, {"rating": "6.52", "name": "Michel Vorm ", "weight": "84", "age": "33", "apps": "4(1)", "height": "183", "assists": "-", "goals": "-"}, {"rating": "6.46", "name": "Moussa Sissoko ", "weight": "83", "age": "27", "apps": "8(17)", "height": "187", "assists": "2", "goals": "-"}, {"rating": "6.36", "name": "Harry Winks ", "weight": "65", "age": "21", "apps": "3(18)", "height": "178", "assists": "1", "goals": "1"}, {"rating": "6.34", "name": "Vincent Janssen ", "weight": "79", "age": "23", "apps": "7(20)", "height": "180", "assists": "2", "goals": "2"}, {"rating": "6.19", "name": "Kevin Wimmer ", "weight": "85", "age": "24", "apps": "4(1)", "height": "187", "assists": "-", "goals": "-"}, {"rating": "6.16", "name": "Georges-K\u00e9vin Nkoudou ", "weight": "68", "age": "22", "apps": "0(8)", "height": "174", "assists": "-", "goals": "-"}, {"rating": "6.07", "name": "Josh Onomah ", "weight": "70", "age": "20", "apps": "0(5)", "height": "185", "assists": "-", "goals": "-"}, {"rating": "6.00", "name": "Tom Carroll ", "weight": "71", "age": "25", "apps": "0(1)", "height": "177", "assists": "-", "goals": "-"}]}