{"players": [{"rating": "6.93", "name": "Jos\u00e9 Holebas ", "weight": "77", "age": "33", "apps": "33", "height": "184", "assists": "4", "goals": "2"}, {"rating": "6.88", "name": "Younes Kaboul ", "weight": "87", "age": "31", "apps": "22", "height": "193", "assists": "-", "goals": "2"}, {"rating": "6.86", "name": "Etienne Capoue ", "weight": "80", "age": "29", "apps": "37", "height": "189", "assists": "1", "goals": "7"}, {"rating": "6.85", "name": "Troy Deeney ", "weight": "90", "age": "29", "apps": "31(6)", "height": "183", "assists": "4", "goals": "10"}, {"rating": "6.85", "name": "Adrian Mariappa ", "weight": "78", "age": "30", "apps": "6(1)", "height": "180", "assists": "-", "goals": "-"}, {"rating": "6.79", "name": "Heurelho Gomes ", "weight": "91", "age": "36", "apps": "38", "height": "191", "assists": "-", "goals": "-"}, {"rating": "6.77", "name": "Costel Pantilimon ", "weight": "96", "age": "30", "apps": "0(2)", "height": "203", "assists": "-", "goals": "-"}, {"rating": "6.75", "name": "Mauro Z\u00e1rate ", "weight": "76", "age": "30", "apps": "3", "height": "176", "assists": "-", "goals": "-"}, {"rating": "6.75", "name": "Miguel Britos ", "weight": "82", "age": "31", "apps": "27", "height": "188", "assists": "2", "goals": "1"}, {"rating": "6.75", "name": "M'Baye Niang ", "weight": "75", "age": "22", "apps": "15(1)", "height": "184", "assists": "2", "goals": "2"}, {"rating": "6.64", "name": "Nordin Amrabat ", "weight": "79", "age": "30", "apps": "25(4)", "height": "179", "assists": "3", "goals": "-"}, {"rating": "6.63", "name": "Stefano Okaka ", "weight": "82", "age": "27", "apps": "10(9)", "height": "186", "assists": "-", "goals": "4"}, {"rating": "6.63", "name": "Sebastian Pr\u00f6dl ", "weight": "92", "age": "30", "apps": "32(1)", "height": "194", "assists": "1", "goals": "1"}, {"rating": "6.62", "name": "Craig Cathcart ", "weight": "73", "age": "28", "apps": "13(2)", "height": "188", "assists": "1", "goals": "-"}, {"rating": "6.62", "name": "Roberto Pereyra ", "weight": "77", "age": "26", "apps": "12(1)", "height": "182", "assists": "2", "goals": "2"}, {"rating": "6.60", "name": "Tom Cleverley ", "weight": "67", "age": "27", "apps": "16(1)", "height": "175", "assists": "2", "goals": "-"}, {"rating": "6.55", "name": "Daryl Janmaat ", "weight": "80", "age": "27", "apps": "18(9)", "height": "185", "assists": "1", "goals": "2"}, {"rating": "6.54", "name": "Valon Behrami ", "weight": "78", "age": "32", "apps": "26(1)", "height": "185", "assists": "-", "goals": "-"}, {"rating": "6.53", "name": "Adl\u00e8ne Gu\u00e9dioura ", "weight": "81", "age": "31", "apps": "9(3)", "height": "186", "assists": "1", "goals": "-"}, {"rating": "6.48", "name": "Abdoulaye Doucour\u00e9 ", "weight": "75", "age": "24", "apps": "14(6)", "height": "184", "assists": "-", "goals": "1"}, {"rating": "6.48", "name": "Christian Kabasele ", "weight": "84", "age": "26", "apps": "7(9)", "height": "188", "assists": "-", "goals": "2"}, {"rating": "6.39", "name": "Isaac Success ", "weight": "86", "age": "21", "apps": "2(17)", "height": "186", "assists": "1", "goals": "1"}, {"rating": "6.38", "name": "Juan Zu\u00f1iga ", "weight": "72", "age": "31", "apps": "6(15)", "height": "172", "assists": "-", "goals": "1"}, {"rating": "6.35", "name": "Odion Ighalo ", "weight": "70", "age": "28", "apps": "14(4)", "height": "188", "assists": "1", "goals": "1"}, {"rating": "6.28", "name": "Andrew Eleftheriou ", "weight": "64", "age": "19", "apps": "0(1)", "height": "172", "assists": "-", "goals": "-"}, {"rating": "6.14", "name": "Brandon Mason ", "weight": "63", "age": "19", "apps": "1(1)", "height": "173", "assists": "-", "goals": "-"}, {"rating": "6.12", "name": "Kenedy ", "weight": "77", "age": "21", "apps": "0(1)", "height": "182", "assists": "-", "goals": "-"}, {"rating": "6.04", "name": "Jerome Sinclair ", "weight": "79", "age": "20", "apps": "1(4)", "height": "173", "assists": "-", "goals": "-"}, {"rating": "5.99", "name": "Dion Pereira ", "weight": "0", "age": "18", "apps": "0(2)", "height": "0", "assists": "-", "goals": "-"}, {"rating": "5.98", "name": "Michael Folivi ", "weight": "79", "age": "19", "apps": "0(1)", "height": "180", "assists": "-", "goals": "-"}, {"rating": "5.97", "name": "Ikechi Anya ", "weight": "58", "age": "29", "apps": "0(1)", "height": "166", "assists": "-", "goals": "-"}, {"rating": "5.94", "name": "Matej Vydra ", "weight": "71", "age": "25", "apps": "0(1)", "height": "180", "assists": "-", "goals": "-"}, {"rating": "5.92", "name": "Ben Watson ", "weight": "68", "age": "32", "apps": "0(4)", "height": "178", "assists": "-", "goals": "-"}]}