{"players": [{"rating": "7.53", "name": "Dimitri Payet ", "weight": "77", "age": "30", "apps": "17(1)", "height": "175", "assists": "6", "goals": "2"}, {"rating": "7.42", "name": "Andy Carroll ", "weight": "79", "age": "28", "apps": "15(3)", "height": "193", "assists": "1", "goals": "7"}, {"rating": "7.25", "name": "Michail Antonio ", "weight": "82", "age": "27", "apps": "29", "height": "180", "assists": "3", "goals": "9"}, {"rating": "7.13", "name": "Arthur Masuaku ", "weight": "70", "age": "23", "apps": "11(2)", "height": "179", "assists": "1", "goals": "-"}, {"rating": "7.11", "name": "Manuel Lanzini ", "weight": "59", "age": "24", "apps": "31(4)", "height": "167", "assists": "2", "goals": "8"}, {"rating": "7.08", "name": "Winston Reid ", "weight": "87", "age": "29", "apps": "30", "height": "190", "assists": "2", "goals": "2"}, {"rating": "7.04", "name": "Cheikhou Kouyat\u00e9 ", "weight": "83", "age": "27", "apps": "31", "height": "189", "assists": "-", "goals": "1"}, {"rating": "6.87", "name": "James Collins ", "weight": "83", "age": "33", "apps": "19(3)", "height": "188", "assists": "-", "goals": "2"}, {"rating": "6.87", "name": "Jos\u00e9 Fonte ", "weight": "81", "age": "33", "apps": "16", "height": "187", "assists": "-", "goals": "-"}, {"rating": "6.86", "name": "Pedro Obiang ", "weight": "75", "age": "25", "apps": "21(1)", "height": "185", "assists": "1", "goals": "1"}, {"rating": "6.70", "name": "Angelo Ogbonna ", "weight": "86", "age": "29", "apps": "20", "height": "191", "assists": "-", "goals": "-"}, {"rating": "6.66", "name": "Adri\u00e1n ", "weight": "80", "age": "30", "apps": "16", "height": "190", "assists": "-", "goals": "-"}, {"rating": "6.61", "name": "Darren Randolph ", "weight": "98", "age": "30", "apps": "22", "height": "188", "assists": "-", "goals": "-"}, {"rating": "6.60", "name": "Sofiane Feghouli ", "weight": "75", "age": "27", "apps": "11(10)", "height": "177", "assists": "3", "goals": "3"}, {"rating": "6.58", "name": "Andr\u00e9 Ayew ", "weight": "72", "age": "27", "apps": "16(9)", "height": "176", "assists": "3", "goals": "6"}, {"rating": "6.58", "name": "Mark Noble ", "weight": "70", "age": "30", "apps": "29(1)", "height": "180", "assists": "-", "goals": "3"}, {"rating": "6.55", "name": "Sam Byram ", "weight": "72", "age": "23", "apps": "13(5)", "height": "180", "assists": "1", "goals": "-"}, {"rating": "6.52", "name": "\u00c1lvaro Arbeloa ", "weight": "79", "age": "34", "apps": "1(2)", "height": "184", "assists": "-", "goals": "-"}, {"rating": "6.47", "name": "H\u00e5vard Nordtveit ", "weight": "83", "age": "27", "apps": "11(5)", "height": "188", "assists": "1", "goals": "-"}, {"rating": "6.46", "name": "Aaron Cresswell ", "weight": "66", "age": "27", "apps": "24(2)", "height": "170", "assists": "2", "goals": "-"}, {"rating": "6.46", "name": "Robert Snodgrass ", "weight": "82", "age": "29", "apps": "8(7)", "height": "182", "assists": "2", "goals": "-"}, {"rating": "6.41", "name": "Diafra Sakho ", "weight": "79", "age": "27", "apps": "2(2)", "height": "184", "assists": "-", "goals": "1"}, {"rating": "6.38", "name": "Simone Zaza ", "weight": "83", "age": "26", "apps": "5(3)", "height": "186", "assists": "-", "goals": "-"}, {"rating": "6.33", "name": "G\u00f6khan T\u00f6re ", "weight": "74", "age": "25", "apps": "3(2)", "height": "176", "assists": "1", "goals": "-"}, {"rating": "6.29", "name": "Enner Valencia ", "weight": "74", "age": "27", "apps": "3", "height": "174", "assists": "-", "goals": "-"}, {"rating": "6.26", "name": "Edimilson Fernandes ", "weight": "70", "age": "21", "apps": "8(20)", "height": "190", "assists": "-", "goals": "-"}, {"rating": "6.25", "name": "Jonathan Calleri ", "weight": "75", "age": "23", "apps": "4(12)", "height": "179", "assists": "-", "goals": "1"}, {"rating": "6.11", "name": "Ashley Fletcher ", "weight": "78", "age": "21", "apps": "2(14)", "height": "185", "assists": "-", "goals": "-"}, {"rating": "6.00", "name": "Declan Rice ", "weight": "0", "age": "18", "apps": "0(1)", "height": "0", "assists": "-", "goals": "-"}]}