{"players": [{"rating": "7.11", "name": "Gareth McAuley ", "weight": "90", "age": "37", "apps": "36", "height": "191", "assists": "1", "goals": "6"}, {"rating": "7.03", "name": "Matt Phillips ", "weight": "75", "age": "26", "apps": "26(1)", "height": "183", "assists": "8", "goals": "4"}, {"rating": "6.97", "name": "Jonny Evans ", "weight": "77", "age": "29", "apps": "30(1)", "height": "188", "assists": "1", "goals": "2"}, {"rating": "6.94", "name": "Craig Dawson ", "weight": "82", "age": "27", "apps": "37", "height": "188", "assists": "-", "goals": "4"}, {"rating": "6.90", "name": "Chris Brunt ", "weight": "84", "age": "32", "apps": "27(4)", "height": "185", "assists": "4", "goals": "3"}, {"rating": "6.83", "name": "Brendan Galloway ", "weight": "87", "age": "21", "apps": "3", "height": "188", "assists": "-", "goals": "-"}, {"rating": "6.76", "name": "Nyom ", "weight": "81", "age": "29", "apps": "29(3)", "height": "188", "assists": "2", "goals": "-"}, {"rating": "6.73", "name": "Claudio Yacob ", "weight": "77", "age": "29", "apps": "27(6)", "height": "181", "assists": "-", "goals": "-"}, {"rating": "6.68", "name": "Nacer Chadli ", "weight": "80", "age": "27", "apps": "27(4)", "height": "187", "assists": "5", "goals": "5"}, {"rating": "6.65", "name": "Ben Foster ", "weight": "79", "age": "34", "apps": "38", "height": "193", "assists": "-", "goals": "-"}, {"rating": "6.65", "name": "Salom\u00f3n Rond\u00f3n ", "weight": "86", "age": "27", "apps": "32(6)", "height": "186", "assists": "2", "goals": "8"}, {"rating": "6.59", "name": "Marc Wilson ", "weight": "80", "age": "29", "apps": "3(1)", "height": "188", "assists": "-", "goals": "-"}, {"rating": "6.54", "name": "James McClean ", "weight": "70", "age": "28", "apps": "13(21)", "height": "180", "assists": "2", "goals": "1"}, {"rating": "6.52", "name": "James Morrison ", "weight": "64", "age": "31", "apps": "17(14)", "height": "178", "assists": "2", "goals": "5"}, {"rating": "6.51", "name": "Darren Fletcher ", "weight": "83", "age": "33", "apps": "37(1)", "height": "183", "assists": "3", "goals": "2"}, {"rating": "6.51", "name": "Jake Livermore ", "weight": "76", "age": "27", "apps": "15(1)", "height": "180", "assists": "-", "goals": "-"}, {"rating": "6.46", "name": "Jonas Olsson ", "weight": "84", "age": "34", "apps": "7", "height": "193", "assists": "-", "goals": "-"}, {"rating": "6.43", "name": "Rickie Lambert ", "weight": "77", "age": "35", "apps": "0(1)", "height": "188", "assists": "-", "goals": "-"}, {"rating": "6.24", "name": "Hal Robson-Kanu ", "weight": "83", "age": "28", "apps": "5(24)", "height": "183", "assists": "2", "goals": "3"}, {"rating": "6.23", "name": "Craig Gardner ", "weight": "76", "age": "30", "apps": "2(7)", "height": "178", "assists": "1", "goals": "-"}, {"rating": "6.21", "name": "Sam Field ", "weight": "65", "age": "19", "apps": "4(4)", "height": "180", "assists": "-", "goals": "-"}, {"rating": "6.16", "name": "Jonathan Leko ", "weight": "75", "age": "18", "apps": "0(9)", "height": "182", "assists": "1", "goals": "-"}, {"rating": "6.07", "name": "Saido Berahino ", "weight": "82", "age": "23", "apps": "3(1)", "height": "180", "assists": "-", "goals": "-"}]}