{
	"Teams": {
		"1":{
			"rank": "1",
			"wins": "25",
			"point": "82",
			"draws": "7",
			"name": "Bayern Munich",
			"loses": "2"
		},
		"2":{
			"rank": "2",
			"wins": "20",
			"point": "67",
			"draws": "7",
			"name": "RasenBallsport Leipzig",
			"loses": "7"
		},
		"3":{
			"rank": "3",
			"wins": "18",
			"point": "64",
			"draws": "10",
			"name": "Borussia Dortmund",
			"loses": "6"
		},
		"4":{
			"rank": "4",
			"wins": "16",
			"point": "62",
			"draws": "14",
			"name": "Hoffenheim",
			"loses": "4"
		},
		"5":{
			"rank": "5",
			"wins": "12",
			"point": "49",
			"draws": "13",
			"name": "FC Cologne",
			"loses": "9"
		},
		"6":{
			"rank": "6",
			"wins": "15",
			"point": "49",
			"draws": "4",
			"name": "Hertha Berlin",
			"loses": "15"
		},
		"7":{
			"rank": "7",
			"wins": "14",
			"point": "48",
			"draws": "6",
			"name": "Freiburg",
			"loses": "14"
		},
		"8":{
			"rank": "8",
			"wins": "13",
			"point": "45",
			"draws": "6",
			"name": "Werder Bremen",
			"loses": "15"
		},
		"9":{
			"rank": "9",
			"wins": "12",
			"point": "45",
			"draws": "9",
			"name": "Borussia M.Gladbach",
			"loses": "13"
		},
		"10":{
			"rank": "10",
			"wins": "11",
			"point": "43",
			"draws": "10",
			"name": "Schalke 04",
			"loses": "13"
		},
		"11":{
			"rank": "11",
			"wins": "11",
			"point": "42",
			"draws": "9",
			"name": "Eintracht Frankfurt",
			"loses": "14"
		},
		"12":{
			"rank": "12",
			"wins": "11",
			"point": "41",
			"draws": "8",
			"name": "Bayer Leverkusen",
			"loses": "15"
		},
		"13":{
			"rank": "13",
			"wins": "9",
			"point": "38",
			"draws": "11",
			"name": "Augsburg",
			"loses": "14"
		},
		"14":{
			"rank": "14",
			"wins": "10",
			"point": "38",
			"draws": "8",
			"name": "Hamburger SV",
			"loses": "16"
		},
		"15":{
			"rank": "15",
			"wins": "10",
			"point": "37",
			"draws": "7",
			"name": "Mainz 05",
			"loses": "17"
		},
		"16":{
			"rank": "16",
			"wins": "10",
			"point": "37",
			"draws": "7",
			"name": "Wolfsburg",
			"loses": "17"
		},
		"17":{
			"rank": "17",
			"wins": "8",
			"point": "32",
			"draws": "8",
			"name": "Ingolstadt",
			"loses": "18"
		},
		"18":{
			"rank": "18",
			"wins": "7",
			"point": "25",
			"draws": "4",
			"name": "Darmstadt",
			"loses": "23"
		}
	}
}