{
	"Teams": { 
		"1":{
			"rank":"1"
			"wins": "29",
			"point": "91",
			"draws": "4",
			"name": "Juventus",
			"loses": "5"
		}, 
		"2":{
			"rank":"2"
			"wins": "28",
			"point": "87",
			"draws": "3",
			"name": "Roma",
			"loses": "7"
		},
		"3":{
			"rank":"3"
			"wins": "26",
			"point": "86",
			"draws": "8",
			"name": "Napoli",
			"loses": "4"
		},
		"4":{
			"rank":"4"
			"wins": "21",
			"point": "72",
			"draws": "9",
			"name": "Atalanta",
			"loses": "8"
		},
		"5":{
			"rank":"5"
			"wins": "21",
			"point": "70",
			"draws": "7",
			"name": "Lazio",
			"loses": "10"
		},"6": {
			"rank":"6"
			"wins": "18",
			"point": "63",
			"draws": "9",
			"name": "AC Milan",
			"loses": "11"
		}, "7":{
			"rank":"7"
			"wins": "19",
			"point": "62",
			"draws": "5",
			"name": "Inter",
			"loses": "14"
		}, "8":{
			"rank":"8"
			"wins": "16",
			"point": "60",
			"draws": "12",
			"name": "Fiorentina",
			"loses": "10"
		}, "9":{
			"rank":"9"
			"wins": "13",
			"point": "53",
			"draws": "14",
			"name": "Torino",
			"loses": "11"
		}, "10":{
			"rank":"10"
			"wins": "14",
			"point": "49",
			"draws": "7",
			"name": "Sassuolo",
			"loses": "17"
		}, "11":{
			"rank":"11"
			"wins": "12",
			"point": "48",
			"draws": "12",
			"name": "Sampdoria",
			"loses": "14"
		}, "12":{
			"rank":"12"
			"wins": "14",
			"point": "47",
			"draws": "5",
			"name": "Cagliari",
			"loses": "19"
		}, "13":{
			"rank":"13"
			"wins": "12",
			"point": "45",
			"draws": "9",
			"name": "Udinese",
			"loses": "17"
		}, "14":{
			"rank":"14"
			"wins": "12",
			"point": "43",
			"draws": "7",
			"name": "Chievo",
			"loses": "19"
		}, "15":{
			"rank":"15"
			"wins": "11",
			"point": "41",
			"draws": "8",
			"name": "Bologna",
			"loses": "19"
		}, "16":{
			"rank":"16"
			"wins": "9",
			"point": "36",
			"draws": "9",
			"name": "Genoa",
			"loses": "20"
		}, "17":{
			"rank":"17"
			"wins": "9",
			"point": "34",
			"draws": "7",
			"name": "Crotone",
			"loses": "22"
		}, "18":{
			"rank":"18"
			"wins": "8",
			"point": "32",
			"draws": "8",
			"name": "Empoli",
			"loses": "22"
		}, "19":{
			"rank":"19"
			"wins": "6",
			"point": "26",
			"draws": "8",
			"name": "Palermo",
			"loses": "24"
		}, "20":{
			"rank":"20"
			"wins": "2",
			"point": "15",
			"draws": "9",
			"name": "Pescara",
			"loses": "27"
		}
	}
}
