{
	"YinChao": {
		"1":{
			"rank": "1"
			"wins": "30",
			"point": "93",
			"draws": "3",
			"name": "Chelsea",
			"loses": "5"
		},
		"2":{
			"rank": "2"
			"wins": "26",
			"point": "86",
			"draws": "8",
			"name": "Tottenham",
			"loses": "4"
		},
		"3":{
			"rank": "3"
			"wins": "23",
			"point": "78",
			"draws": "9",
			"name": "Manchester City",
			"loses": "6"
		},
		"4":{
			"rank": "4"
			"wins": "22",
			"point": "76",
			"draws": "10",
			"name": "Liverpool",
			"loses": "6"
		},
		"5":{
			"rank": "5"
			"wins": "23",
			"point": "75",
			"draws": "6",
			"name": "Arsenal",
			"loses": "9"
		},
		"6":{
			"rank": "6"
			"wins": "18",
			"point": "69",
			"draws": "15",
			"name": "Manchester United",
			"loses": "5"
		},
		"7":{
			"rank": "7"
			"wins": "17",
			"point": "61",
			"draws": "10",
			"name": "Everton",
			"loses": "11"
		},
		"8":{
			"rank": "8"
			"wins": "12",
			"point": "46",
			"draws": "10",
			"name": "Southampton",
			"loses": "16"
		},
		"9":{
			"rank": "9"
			"wins": "12",
			"point": "46",
			"draws": "10",
			"name": "Bournemouth",
			"loses": "16"
		},
		"10":{
			"rank": "10"
			"wins": "12",
			"point": "45",
			"draws": "9",
			"name": "West Bromwich Albion",
			"loses": "17"
		},
		"11":{
			"rank": "11"
			"wins": "12",
			"point": "45",
			"draws": "9",
			"name": "West Ham",
			"loses": "17"
		},
		"12":{
			"rank": "12"
			"wins": "12",
			"point": "44",
			"draws": "8",
			"name": "Leicester",
			"loses": "18"
		},
		"13":{
			"rank": "13"
			"wins": "11",
			"point": "44",
			"draws": "11",
			"name": "Stoke",
			"loses": "16"
		},
		"14":{
			"rank": "14"
			"wins": "12",
			"point": "41",
			"draws": "5",
			"name": "Crystal Palace",
			"loses": "21"
		},
		"15":{
			"rank": "15"
			"wins": "12",
			"point": "41",
			"draws": "5",
			"name": "Swansea",
			"loses": "21"
		},
		"16":{
			"rank": "16"
			"wins": "11",
			"point": "40",
			"draws": "7",
			"name": "Burnley",
			"loses": "20"
		},
		"17":{
			"rank": "17"
			"wins": "11",
			"point": "40",
			"draws": "7",
			"name": "Watford",
			"loses": "20"
		},
		"18":{
			"rank": "18"
			"wins": "9",
			"point": "34",
			"draws": "7",
			"name": "Hull",
			"loses": "22"
		},
		"19":{
			"rank": "19"
			"wins": "5",
			"point": "28",
			"draws": "13",
			"name": "Middlesbrough",
			"loses": "20"
		},
		"20":{
			"rank": "20"
			"wins": "6",
			"point": "24",
			"draws": "6",
			"name": "Sunderland",
			"loses": "26"
		}
	}
}