{"info_list": [{"Discipline": {"yellow-card": "47", "red-card": "0"}, "Goals per game": "2.6", "Tackles per game": "16.5", "Avg. Possession": "64.5%", "Season": "2016/2017", "Tournament": "Bundesliga", "Shots per game": "18.3", "Dribbles per game": "12.3", "Pass Accuracy": "87.3%", "Team_name": "Bayern Munich"}, {"Discipline": {"yellow-card": "7", "red-card": "1"}, "Goals per game": "1.9", "Tackles per game": "21.4", "Avg. Possession": "51.9%", "Season": "2016/2017", "Tournament": "Bundesliga", "Shots per game": "13", "Dribbles per game": "9.2", "Pass Accuracy": "74.8%", "Team_name": "RasenBallsport Leipzig"}, {"Discipline": {"yellow-card": "7", "red-card": "0"}, "Goals per game": "2.1", "Tackles per game": "17.2", "Avg. Possession": "58.6%", "Season": "2016/2017", "Tournament": "Bundesliga", "Shots per game": "15.6", "Dribbles per game": "12.1", "Pass Accuracy": "82.5%", "Team_name": "Borussia Dortmund"}, {"Discipline": {"yellow-card": "10", "red-card": "0"}, "Goals per game": "1.9", "Tackles per game": "17", "Avg. Possession": "54.7%", "Season": "2016/2017", "Tournament": "Bundesliga", "Shots per game": "14.6", "Dribbles per game": "8.3", "Pass Accuracy": "82.7%", "Team_name": "Hoffenheim"}, {"Discipline": {"yellow-card": "7", "red-card": "0"}, "Goals per game": "1.5", "Tackles per game": "20", "Avg. Possession": "45.5%", "Season": "2016/2017", "Tournament": "Bundesliga", "Shots per game": "10.6", "Dribbles per game": "7.1", "Pass Accuracy": "74.2%", "Team_name": "FC Cologne"}, {"Discipline": {"yellow-card": "63", "red-card": "3"}, "Goals per game": "1.3", "Tackles per game": "18.4", "Avg. Possession": "48.6%", "Season": "2016/2017", "Tournament": "Bundesliga", "Shots per game": "10.2", "Dribbles per game": "7", "Pass Accuracy": "77%", "Team_name": "Hertha Berlin"}, {"Discipline": {"yellow-card": "5", "red-card": "1"}, "Goals per game": "1.2", "Tackles per game": "18.2", "Avg. Possession": "47.4%", "Season": "2016/2017", "Tournament": "Bundesliga", "Shots per game": "12", "Dribbles per game": "7.7", "Pass Accuracy": "73.2%", "Team_name": "Freiburg"}, {"Discipline": {"yellow-card": "5", "red-card": "0"}, "Goals per game": "1.8", "Tackles per game": "17.5", "Avg. Possession": "46.2%", "Season": "2016/2017", "Tournament": "Bundesliga", "Shots per game": "11.1", "Dribbles per game": "7.1", "Pass Accuracy": "74.5%", "Team_name": "Werder Bremen"}, {"Discipline": {"yellow-card": "6", "red-card": "1"}, "Goals per game": "1.3", "Tackles per game": "19.4", "Avg. Possession": "52.6%", "Season": "2016/2017", "Tournament": "Bundesliga", "Shots per game": "12.1", "Dribbles per game": "8.4", "Pass Accuracy": "81.1%", "Team_name": "Borussia M.Gladbach"}, {"Discipline": {"yellow-card": "12", "red-card": "0"}, "Goals per game": "1.4", "Tackles per game": "18.1", "Avg. Possession": "51.5%", "Season": "2016/2017", "Tournament": "Bundesliga", "Shots per game": "13", "Dribbles per game": "8.6", "Pass Accuracy": "79.2%", "Team_name": "Schalke 04"}, {"Discipline": {"yellow-card": "13", "red-card": "0"}, "Goals per game": "1.1", "Tackles per game": "16.5", "Avg. Possession": "49.9%", "Season": "2016/2017", "Tournament": "Bundesliga", "Shots per game": "11.2", "Dribbles per game": "8.4", "Pass Accuracy": "75.6%", "Team_name": "Eintracht Frankfurt"}, {"Discipline": {"yellow-card": "8", "red-card": "1"}, "Goals per game": "1.6", "Tackles per game": "20", "Avg. Possession": "52.8%", "Season": "2016/2017", "Tournament": "Bundesliga", "Shots per game": "13.1", "Dribbles per game": "10.1", "Pass Accuracy": "78.1%", "Team_name": "Bayer Leverkusen"}, {"Discipline": {"yellow-card": "12", "red-card": "1"}, "Goals per game": "1.1", "Tackles per game": "20", "Avg. Possession": "44%", "Season": "2016/2017", "Tournament": "Bundesliga", "Shots per game": "10.9", "Dribbles per game": "5.1", "Pass Accuracy": "72.2%", "Team_name": "Augsburg"}, {"Discipline": {"yellow-card": "5", "red-card": "1"}, "Goals per game": "0.9", "Tackles per game": "21.8", "Avg. Possession": "45.7%", "Season": "2016/2017", "Tournament": "Bundesliga", "Shots per game": "10.6", "Dribbles per game": "6.9", "Pass Accuracy": "66.7%", "Team_name": "Hamburger SV"}, {"Discipline": {"yellow-card": "67", "red-card": "7"}, "Goals per game": "1.3", "Tackles per game": "18.3", "Avg. Possession": "47%", "Season": "2016/2017", "Tournament": "Bundesliga", "Shots per game": "12.2", "Dribbles per game": "8.2", "Pass Accuracy": "70.4%", "Team_name": "Mainz 05"}, {"Discipline": {"yellow-card": "65", "red-card": "3"}, "Goals per game": "1", "Tackles per game": "17.5", "Avg. Possession": "50.8%", "Season": "2016/2017", "Tournament": "Bundesliga", "Shots per game": "12.7", "Dribbles per game": "7", "Pass Accuracy": "78.4%", "Team_name": "Wolfsburg"}, {"Discipline": {"yellow-card": "10", "red-card": "0"}, "Goals per game": "1.1", "Tackles per game": "19.1", "Avg. Possession": "46.9%", "Season": "2016/2017", "Tournament": "Bundesliga", "Shots per game": "13.4", "Dribbles per game": "6", "Pass Accuracy": "66.5%", "Team_name": "Ingolstadt"}, {"Discipline": {"yellow-card": "67", "red-card": "5"}, "Goals per game": "0.9", "Tackles per game": "20.1", "Avg. Possession": "41.2%", "Season": "2016/2017", "Tournament": "Bundesliga", "Dribbles per game": "5.6", "Shots per game": "10", "Pass Accuracy": "68.3%", "Team_name": "Darmstadt"}]}