{"info_list":[{"Discipline":{"yellow-card":"75","red-card":"2"},"Goals per game":"2.8","Tackles per game":"20.4","Avg. Possession":"54.8%","Season":"2016/2017","Tournament":"La Liga","Shots per game":"17.4","Dribbles per game":"11.7","Pass Accuracy":"86.5%","Team_name":"Real Madrid"},{"Discipline":{"yellow-card":"9","red-card":"0"},"Goals per game":"3.1","Tackles per game":"16.9","Avg. Possession":"62.1%","Season":"2016/2017","Tournament":"La Liga","Shots per game":"17.1","Dribbles per game":"14.8","Pass Accuracy":"86.7%","Team_name":"Barcelona"},{"Discipline":{"yellow-card":"80","red-card":"3"},"Goals per game":"1.8","Tackles per game":"22.3","Avg. Possession":"49%","Season":"2016/2017","Tournament":"La Liga","Shots per game":"13.3","Dribbles per game":"10.7","Pass Accuracy":"78.9%","Team_name":"Atletico Madrid"},{"Discipline":{"yellow-card":"10","red-card":"0"},"Goals per game":"1.8","Tackles per game":"19.1","Avg. Possession":"56.4%","Season":"2016/2017","Tournament":"La Liga","Shots per game":"12.8","Dribbles per game":"9.6","Pass Accuracy":"82.3%","Team_name":"Sevilla"},{"Discipline":{"yellow-card":"89","red-card":"4"},"Goals per game":"1.5","Tackles per game":"18.8","Avg. Possession":"49.6%","Season":"2016/2017","Tournament":"La Liga","Shots per game":"11.3","Dribbles per game":"7.1","Pass Accuracy":"80.5%","Team_name":"Villarreal"},{"Discipline":{"yellow-card":"13","red-card":"0"},"Goals per game":"1.5","Tackles per game":"16.5","Avg. Possession":"54.8%","Season":"2016/2017","Tournament":"La Liga","Shots per game":"13","Dribbles per game":"8.2","Pass Accuracy":"81%","Team_name":"Real Sociedad"},{"Discipline":{"yellow-card":"11","red-card":"0"},"Goals per game":"1.4","Tackles per game":"21","Avg. Possession":"50.4%","Season":"2016/2017","Tournament":"La Liga","Shots per game":"12.8","Dribbles per game":"9.1","Pass Accuracy":"75.9%","Team_name":"Athletic Club"},{"Discipline":{"yellow-card":"8","red-card":"1"},"Goals per game":"1.3","Tackles per game":"21.6","Avg. Possession":"45.7%","Season":"2016/2017","Tournament":"La Liga","Shots per game":"9","Dribbles per game":"8.4","Pass Accuracy":"75.7%","Team_name":"Espanyol"},{"Discipline":{"yellow-card":"12","red-card":"1"},"Goals per game":"1.1","Tackles per game":"20.1","Avg. Possession":"46.2%","Season":"2016/2017","Tournament":"La Liga","Shots per game":"10.4","Dribbles per game":"8.7","Pass Accuracy":"76.4%","Team_name":"Alaves"},{"Discipline":{"yellow-card":"10","red-card":"1"},"Goals per game":"1.4","Tackles per game":"19.2","Avg. Possession":"48.1%","Season":"2016/2017","Tournament":"La Liga","Shots per game":"11.9","Dribbles per game":"6.8","Pass Accuracy":"71.5%","Team_name":"Eibar"},{"Discipline":{"yellow-card":"15","red-card":"0"},"Goals per game":"1.3","Tackles per game":"19.8","Avg. Possession":"48.7%","Season":"2016/2017","Tournament":"La Liga","Shots per game":"12.9","Dribbles per game":"7.4","Pass Accuracy":"76%","Team_name":"Malaga"},{"Discipline":{"yellow-card":"14","red-card":"1"},"Goals per game":"1.4","Tackles per game":"22.8","Avg. Possession":"49.2%","Season":"2016/2017","Tournament":"La Liga","Shots per game":"11.8","Dribbles per game":"9.7","Pass Accuracy":"79.7%","Team_name":"Valencia"},{"Discipline":{"yellow-card":"10","red-card":"1"},"Goals per game":"1.4","Tackles per game":"20.8","Avg. Possession":"52.2%","Season":"2016/2017","Tournament":"La Liga","Shots per game":"10.6","Dribbles per game":"8.4","Pass Accuracy":"79%","Team_name":"Celta Vigo"},{"Discipline":{"yellow-card":"10","red-card":"2"},"Goals per game":"1.4","Tackles per game":"16.2","Avg. Possession":"56.9%","Season":"2016/2017","Tournament":"La Liga","Shots per game":"11.6","Dribbles per game":"10.8","Pass Accuracy":"84.8%","Team_name":"Las Palmas"},{"Discipline":{"yellow-card":"8","red-card":"1"},"Goals per game":"1.1","Tackles per game":"20.4","Avg. Possession":"48.7%","Season":"2016/2017","Tournament":"La Liga","Shots per game":"11.6","Dribbles per game":"8.8","Pass Accuracy":"76.3%","Team_name":"Real Betis"},{"Discipline":{"yellow-card":"10","red-card":"1"},"Goals per game":"1.2","Tackles per game":"19.7","Avg. Possession":"47.8%","Season":"2016/2017","Tournament":"La Liga","Shots per game":"12.1","Dribbles per game":"7.9","Pass Accuracy":"77.7%","Team_name":"Deportivo La Coruna"},{"Discipline":{"yellow-card":"11","red-card":"0"},"Goals per game":"0.9","Tackles per game":"20.4","Avg. Possession":"45.9%","Season":"2016/2017","Tournament":"La Liga","Shots per game":"10.7","Dribbles per game":"6.5","Pass Accuracy":"71.3%","Team_name":"Leganes"},{"Discipline":{"yellow-card":"17","red-card":"0"},"Goals per game":"1.1","Tackles per game":"20.4","Avg. Possession":"45.6%","Season":"2016/2017","Tournament":"La Liga","Shots per game":"9.9","Dribbles per game":"7.3","Pass Accuracy":"72.6%","Team_name":"Sporting Gijon"},{"Discipline":{"yellow-card":"11","red-card":"1"},"Goals per game":"1.1","Tackles per game":"19.5","Avg. Possession":"41.8%","Season":"2016/2017","Tournament":"La Liga","Shots per game":"10.3","Dribbles per game":"8.5","Pass Accuracy":"69.2%","Team_name":"Osasuna"},{"Discipline":{"yellow-card":"12","red-card":"2"},"Goals per game":"0.8","Tackles per game":"18","Avg. Possession":"46.1%","Season":"2016/2017","Tournament":"La Liga","Dribbles per game":"10.8","Shots per game":"10.1","Pass Accuracy":"76.6%","Team_name":"Granada"}]}