{"info_list": [{"Discipline": {"yellow-card": "8", "red-card": "0"}, "Goals per game": "1.9", "Tackles per game": "16.4", "Avg. Possession": "55.6%", "Season": "2016/2017", "Tournament": "Serie A", "Shots per game": "15.3", "Dribbles per game": "10.7", "Pass Accuracy": "85.5%", "Team_name": "Juventus"}, {"Discipline": {"yellow-card": "7", "red-card": "1"}, "Goals per game": "2.3", "Tackles per game": "17.3", "Avg. Possession": "55.4%", "Season": "2016/2017", "Tournament": "Serie A", "Shots per game": "17.8", "Dribbles per game": "10.3", "Pass Accuracy": "83.2%", "Team_name": "Roma"}, {"Discipline": {"yellow-card": "8", "red-card": "0"}, "Goals per game": "2.5", "Tackles per game": "16.4", "Avg. Possession": "59%", "Season": "2016/2017", "Tournament": "Serie A", "Shots per game": "17.7", "Dribbles per game": "10.7", "Pass Accuracy": "87.2%", "Team_name": "Napoli"}, {"Discipline": {"yellow-card": "85", "red-card": "3"}, "Goals per game": "1.7", "Tackles per game": "16.6", "Avg. Possession": "50.5%", "Season": "2016/2017", "Tournament": "Serie A", "Shots per game": "14.1", "Dribbles per game": "11.1", "Pass Accuracy": "81.2%", "Team_name": "Atalanta"}, {"Discipline": {"yellow-card": "11", "red-card": "0"}, "Goals per game": "2", "Tackles per game": "20.7", "Avg. Possession": "50.7%", "Season": "2016/2017", "Tournament": "Serie A", "Shots per game": "15.6", "Dribbles per game": "10.8", "Pass Accuracy": "80.8%", "Team_name": "Lazio"}, {"Discipline": {"yellow-card": "3", "red-card": "5"}, "Goals per game": "1.5", "Tackles per game": "16.9", "Avg. Possession": "52.9%", "Season": "2016/2017", "Tournament": "Serie A", "Shots per game": "14.6", "Dribbles per game": "10.6", "Pass Accuracy": "82.8%", "Team_name": "AC Milan"}, {"Discipline": {"yellow-card": "8", "red-card": "1"}, "Goals per game": "1.8", "Tackles per game": "20", "Avg. Possession": "54.1%", "Season": "2016/2017", "Tournament": "Serie A", "Shots per game": "16.7", "Dribbles per game": "11.4", "Pass Accuracy": "82.2%", "Team_name": "Inter"}, {"Discipline": {"yellow-card": "11", "red-card": "1"}, "Goals per game": "1.6", "Tackles per game": "14.6", "Avg. Possession": "55.9%", "Season": "2016/2017", "Tournament": "Serie A", "Shots per game": "16.2", "Dribbles per game": "10.9", "Pass Accuracy": "84.8%", "Team_name": "Fiorentina"}, {"Discipline": {"yellow-card": "2", "red-card": "3"}, "Goals per game": "1.9", "Tackles per game": "16.5", "Avg. Possession": "50.5%", "Season": "2016/2017", "Tournament": "Serie A", "Shots per game": "15.2", "Dribbles per game": "9.4", "Pass Accuracy": "81.4%", "Team_name": "Torino"}, {"Discipline": {"yellow-card": "90", "red-card": "2"}, "Goals per game": "1.6", "Tackles per game": "17.8", "Avg. Possession": "47.5%", "Season": "2016/2017", "Tournament": "Serie A", "Shots per game": "11.6", "Dribbles per game": "9.1", "Pass Accuracy": "75.6%", "Team_name": "Sassuolo"}, {"Discipline": {"yellow-card": "7", "red-card": "0"}, "Goals per game": "1.2", "Tackles per game": "18.3", "Avg. Possession": "51.3%", "Season": "2016/2017", "Tournament": "Serie A", "Shots per game": "13.3", "Dribbles per game": "9.7", "Pass Accuracy": "80%", "Team_name": "Sampdoria"}, {"Discipline": {"yellow-card": "9", "red-card": "1"}, "Goals per game": "1.5", "Tackles per game": "17.7", "Avg. Possession": "44.9%", "Season": "2016/2017", "Tournament": "Serie A", "Shots per game": "11.2", "Dribbles per game": "6.3", "Pass Accuracy": "75.6%", "Team_name": "Cagliari"}, {"Discipline": {"yellow-card": "9", "red-card": "1"}, "Goals per game": "1.3", "Tackles per game": "17.3", "Avg. Possession": "44.1%", "Season": "2016/2017", "Tournament": "Serie A", "Shots per game": "11.5", "Dribbles per game": "9", "Pass Accuracy": "78%", "Team_name": "Udinese"}, {"Discipline": {"yellow-card": "8", "red-card": "1"}, "Goals per game": "1.1", "Tackles per game": "15.9", "Avg. Possession": "47.4%", "Season": "2016/2017", "Tournament": "Serie A", "Shots per game": "10.7", "Dribbles per game": "6.4", "Pass Accuracy": "78.5%", "Team_name": "Chievo"}, {"Discipline": {"yellow-card": "12", "red-card": "2"}, "Goals per game": "1.1", "Tackles per game": "18.2", "Avg. Possession": "47.8%", "Season": "2016/2017", "Tournament": "Serie A", "Shots per game": "11.1", "Dribbles per game": "7.9", "Pass Accuracy": "80.2%", "Team_name": "Bologna"}, {"Discipline": {"yellow-card": "13", "red-card": "0"}, "Goals per game": "1", "Tackles per game": "16.8", "Avg. Possession": "48.6%", "Season": "2016/2017", "Tournament": "Serie A", "Shots per game": "11.8", "Dribbles per game": "8", "Pass Accuracy": "78.8%", "Team_name": "Genoa"}, {"Discipline": {"yellow-card": "11", "red-card": "1"}, "Goals per game": "0.9", "Tackles per game": "18.3", "Avg. Possession": "40.4%", "Season": "2016/2017", "Tournament": "Serie A", "Shots per game": "10.7", "Dribbles per game": "5.7", "Pass Accuracy": "67.2%", "Team_name": "Crotone"}, {"Discipline": {"yellow-card": "15", "red-card": "0"}, "Goals per game": "0.8", "Tackles per game": "16.1", "Avg. Possession": "49.3%", "Season": "2016/2017", "Tournament": "Serie A", "Shots per game": "9.6", "Dribbles per game": "9.9", "Pass Accuracy": "79.4%", "Team_name": "Empoli"}, {"Discipline": {"yellow-card": "11", "red-card": "1"}, "Goals per game": "0.9", "Tackles per game": "16.6", "Avg. Possession": "46.9%", "Season": "2016/2017", "Tournament": "Serie A", "Shots per game": "10.2", "Dribbles per game": "7.6", "Pass Accuracy": "77.9%", "Team_name": "Palermo"}, {"Discipline": {"yellow-card": "11", "red-card": "0"}, "Goals per game": "0.8", "Tackles per game": "17.4", "Avg. Possession": "47.2%", "Season": "2016/2017", "Tournament": "Serie A", "Dribbles per game": "9.4", "Shots per game": "11.7", "Pass Accuracy": "79.1%", "Team_name": "Pescara"}]}