{"info_list": [{"Discipline": {"yellow-card": "10", "red-card": "0"}, "Goals per game": "2.2", "Tackles per game": "17.2", "Avg. Possession": "54%", "Season": "2016/2017", "Tournament": "Premier League", "Shots per game": "15.3", "Dribbles per game": "13.3", "Pass Accuracy": "83.9%", "Team_name": "Chelsea"}, {"Discipline": {"yellow-card": "10", "red-card": "0"}, "Goals per game": "2.3", "Tackles per game": "17.4", "Avg. Possession": "57.4%", "Season": "2016/2017", "Tournament": "Premier League", "Shots per game": "17.6", "Dribbles per game": "11.9", "Pass Accuracy": "82.5%", "Team_name": "Tottenham"}, {"Discipline": {"yellow-card": "4", "red-card": "2"}, "Goals per game": "2", "Tackles per game": "16.9", "Avg. Possession": "60.9%", "Season": "2016/2017", "Tournament": "Premier League", "Shots per game": "16.7", "Dribbles per game": "13.2", "Pass Accuracy": "85.5%", "Team_name": "Manchester City"}, {"Discipline": {"yellow-card": "8", "red-card": "0"}, "Goals per game": "2", "Tackles per game": "18.9", "Avg. Possession": "58.3%", "Season": "2016/2017", "Tournament": "Premier League", "Shots per game": "16.8", "Dribbles per game": "10.9", "Pass Accuracy": "82.4%", "Team_name": "Liverpool"}, {"Discipline": {"yellow-card": "11", "red-card": "0"}, "Goals per game": "1.9", "Tackles per game": "17.7", "Avg. Possession": "56.5%", "Season": "2016/2017", "Tournament": "Premier League", "Shots per game": "14.9", "Dribbles per game": "12.1", "Pass Accuracy": "83.8%", "Team_name": "Arsenal"}, {"Discipline": {"yellow-card": "9", "red-card": "1"}, "Goals per game": "1.4", "Tackles per game": "18.2", "Avg. Possession": "55%", "Season": "2016/2017", "Tournament": "Premier League", "Shots per game": "15.6", "Dribbles per game": "10.6", "Pass Accuracy": "84.2%", "Team_name": "Manchester United"}, {"Discipline": {"yellow-card": "11", "red-card": "0"}, "Goals per game": "1.6", "Tackles per game": "18.8", "Avg. Possession": "51.5%", "Season": "2016/2017", "Tournament": "Premier League", "Shots per game": "13.2", "Dribbles per game": "10.6", "Pass Accuracy": "79%", "Team_name": "Everton"}, {"Discipline": {"yellow-card": "59", "red-card": "2"}, "Goals per game": "1.1", "Tackles per game": "17.8", "Avg. Possession": "53.1%", "Season": "2016/2017", "Tournament": "Premier League", "Shots per game": "14.5", "Dribbles per game": "8.4", "Pass Accuracy": "80.5%", "Team_name": "Southampton"}, {"Discipline": {"yellow-card": "11", "red-card": "1"}, "Goals per game": "1.5", "Tackles per game": "15.9", "Avg. Possession": "51.3%", "Season": "2016/2017", "Tournament": "Premier League", "Shots per game": "11.9", "Dribbles per game": "11.3", "Pass Accuracy": "81.3%", "Team_name": "Bournemouth"}, {"Discipline": {"yellow-card": "10", "red-card": "0"}, "Goals per game": "1.2", "Tackles per game": "15.9", "Avg. Possession": "40.7%", "Season": "2016/2017", "Tournament": "Premier League", "Shots per game": "10.5", "Dribbles per game": "8.1", "Pass Accuracy": "70.4%", "Team_name": "West Bromwich Albion"}, {"Discipline": {"yellow-card": "8", "red-card": "1"}, "Goals per game": "1.2", "Tackles per game": "15.1", "Avg. Possession": "48.4%", "Season": "2016/2017", "Tournament": "Premier League", "Shots per game": "13.1", "Dribbles per game": "10.7", "Pass Accuracy": "78.2%", "Team_name": "West Ham"}, {"Discipline": {"yellow-card": "12", "red-card": "0"}, "Goals per game": "1.3", "Tackles per game": "17.8", "Avg. Possession": "43.7%", "Season": "2016/2017", "Tournament": "Premier League", "Shots per game": "11.4", "Dribbles per game": "8", "Pass Accuracy": "70.1%", "Team_name": "Leicester"}, {"Discipline": {"yellow-card": "9", "red-card": "1"}, "Goals per game": "1.1", "Tackles per game": "17.5", "Avg. Possession": "47.2%", "Season": "2016/2017", "Tournament": "Premier League", "Shots per game": "11.2", "Dribbles per game": "9.6", "Pass Accuracy": "75.3%", "Team_name": "Stoke"}, {"Discipline": {"yellow-card": "10", "red-card": "0"}, "Goals per game": "1.3", "Tackles per game": "18.4", "Avg. Possession": "46.8%", "Season": "2016/2017", "Tournament": "Premier League", "Shots per game": "11.6", "Dribbles per game": "10.4", "Pass Accuracy": "73.4%", "Team_name": "Crystal Palace"}, {"Discipline": {"yellow-card": "9", "red-card": "0"}, "Goals per game": "1.3", "Tackles per game": "16.7", "Avg. Possession": "48.3%", "Season": "2016/2017", "Tournament": "Premier League", "Shots per game": "10.7", "Dribbles per game": "8.3", "Pass Accuracy": "78.9%", "Team_name": "Swansea"}, {"Discipline": {"yellow-card": "9", "red-card": "0"}, "Goals per game": "1.1", "Tackles per game": "16.7", "Avg. Possession": "42.7%", "Season": "2016/2017", "Tournament": "Premier League", "Shots per game": "10.3", "Dribbles per game": "4.7", "Pass Accuracy": "67.8%", "Team_name": "Burnley"}, {"Discipline": {"yellow-card": "84", "red-card": "5"}, "Goals per game": "1.1", "Tackles per game": "16.2", "Avg. Possession": "47%", "Season": "2016/2017", "Tournament": "Premier League", "Shots per game": "11.1", "Dribbles per game": "8.9", "Pass Accuracy": "74.1%", "Team_name": "Watford"}, {"Discipline": {"yellow-card": "9", "red-card": "1"}, "Goals per game": "1.1", "Tackles per game": "16.6", "Avg. Possession": "46.7%", "Season": "2016/2017", "Tournament": "Premier League", "Shots per game": "10.4", "Dribbles per game": "6.9", "Pass Accuracy": "77.4%", "Team_name": "Hull"}, {"Discipline": {"yellow-card": "8", "red-card": "1"}, "Goals per game": "0.7", "Tackles per game": "19.1", "Avg. Possession": "47.9%", "Season": "2016/2017", "Tournament": "Premier League", "Shots per game": "9.2", "Dribbles per game": "10.5", "Pass Accuracy": "77.3%", "Team_name": "Middlesbrough"}, {"Discipline": {"yellow-card": "8", "red-card": "0"}, "Goals per game": "0.8", "Tackles per game": "16.6", "Avg. Possession": "42.8%", "Season": "2016/2017", "Tournament": "Premier League", "Dribbles per game": "8.4", "Shots per game": "10.2", "Pass Accuracy": "72.6%", "Team_name": "Sunderland"}]}